The stark headline of the @NikkiHaley story is not that sheâ€™s angling for Penceâ€™s job or that Trump likes the book, itâ€™s that two senior administration officials believed the president is a danger to the country.
The president's top aide and his Secretary of State thought he was such a danger that they felt the need to recruit other people to resist him.

The story isn't that the U.N. ambassador declined. It's that the the recruitment effort took place.
It's not just about praising Vladimir Putin and having secret communications with him all the time, it's that this is what we are doing to our closest ally who is at most danger from Russia's every move.

This is what we've been doing to them. https://t.co/DaIu50K6Ah
Donâ€™t just say, please do something! Hong Kong is in danger! https://t.co/oiCmaqZYi8
RT @eternity_tm: 191111 WE ARE THE FUTURE íƒœë¯¼ 

Danger

#TAEMIN #ãƒ†ãƒŸãƒ³ #SHINee #ìƒ¤ì´ë‹ˆ #SuperMÂ Â Â #SuperM_FortWorth https://t.co/roDs7M0tfR
RT @skantrow: Today news broke that one Trump appointee faked their credentials and another promoted white nationalism. The real news is whâ€¦
Láº¡i chÃ¡y... chÃ¡y Ä‘á»§ nÆ¡i :(
KhÃ´ vÃ  náº¯ng nÃ³ng quÃ¡ mÃ  :( https://t.co/XQ868fsPwt
RT @divineeuuh: Et dites vous qu'Ã  l'international ils en sont encore Ã  "Djadja". Attendez que "Pookie" et "Sucette" leur arrivent aux oreiâ€¦
RT @vrai_rajel: On veut pas du SNU on veut Ã©tudier avoir nos diplÃ´mes et ne plus Ãªtre en danger Ã  cause de la prÃ©caritÃ©  ! #LaPrecariteTueâ€¦
RT @HawtinGibb: ğŸ‡ºğŸ‡¸ğŸ‡ºğŸ‡¸PATRIOTğŸ‡ºğŸ‡¸ğŸ‡ºğŸ‡¸.                     Just want Show some  support for Field McConnell  aka Abel Danger , this Guy is a Trueâ€¦
Ich wusste doch, dass Danger Dan und Janine Celine ein gutes Paar werden 

#BachelorinParadise
RT @divineeuuh: Et dites vous qu'Ã  l'international ils en sont encore Ã  "Djadja". Attendez que "Pookie" et "Sucette" leur arrivent aux oreiâ€¦
RT @RichardDawkins: Sad to be leaving Germany, which has taken only a generation to change from one of the worldâ€™s least civilised nationsâ€¦
RT @DropBearJesus: Australia is currently on fire with close to 1/4 of the population living in fire effected areas. The fire danger levelâ€¦
RT @AmazonChique: @MagsVisaggs Just that society tries to claim everything trans women do, and every feeling we have, is toxic or a dangerâ€¦
Faka bo maoledi @DALiii_Danger https://t.co/R1wskXLPM2
RT @ThomasPain2018: But, sadly there's a greater possibility that this might not happen as long as progressive activists and activist organâ€¦
Just realised that when Henry danger finishes nickelodeon wont have any good shows left
RT @ezracheungtoto: It is just a side note, but the Hong Kong Internet eXchange, which 99% internet interaction in Hong Kong goes through,â€¦
RT @RichardDawkins: Sad to be leaving Germany, which has taken only a generation to change from one of the worldâ€™s least civilised nationsâ€¦
Amber Alert issued for missing twins in 'extreme danger' https://t.co/QWNxb5Mt1R
TÃ¡ mÃ¡s dura que un puÃ±o dâ€™un loco ğŸ’ªğŸ¼ @Noriel_Danger
@arnaud_re @jylgallou Tant que les autochtones sont majoritaires, il n'est pas encore trop tard. + les autochtones ouvrent les yeux, plus ils votent #RN, car ils prennent conscience du danger mortel, #Immigration #invasion #islamisation ds lequel les traitres &amp; collabos de l'oligarchie nous ont mis.
RT @MaddowBlog: It's not just about praising Vladimir Putin and having secret communications with him all the time, it's that this is whatâ€¦
RT @EthanLington: @Restrain Lmao you must not remember the OG model 1887s, the spas-12 with grip/FMJ and stopping power...OMA noob tubes anâ€¦
RT @minsugacheonye: Estaban bailando â€˜Dangerâ€™ con â€˜Spine Breakerâ€™ y Nam se perdiÃ³ 

NO SÃ‰ SI QUERER PROTEGERLO O REÃRME POR LA RISA DE JINâ€¦
RT @rayan2475: Le chat veut-il se battre?

Jâ€™ai effectuÃ© une analyse comportemental du sujet (Je travail au dÃ©partement des sciences comporâ€¦
RT @camilateleSUR: ALERT: President Evo &amp; VP are safe but the lives of lawmakers and social leaders of the MAS, still in Bolivia, are in imâ€¦
Our nation's exposure to an EMP blast is a real and present danger/risk that is not being addressed.  I believe that our Government must make it a priority.
RT @perriesaltz: i know no one cares about what is happening in australia right now but look. these are our cities. people are dying. peoplâ€¦
RT @divineeuuh: Et dites vous qu'Ã  l'international ils en sont encore Ã  "Djadja". Attendez que "Pookie" et "Sucette" leur arrivent aux oreiâ€¦
RT @CallMeLonaOrB: One of their BEST Comebacks. It has EVERYTHING. The Vocals? Jimin high notes bring HELL to u. Rap? SLAPS you in your facâ€¦
danger te amo sos el mejor tt del mundo
RT @awamisammy: Tanzanian opposition leader TunduÂ Lissu told life is in danger | World | The Times https://t.co/0BQatpqENA
@BvlletProofSovl But I still fuck with goodbye and danger&gt;&gt;&gt; but pretty wouldâ€™ve really gone with the whole SuperM vibe
RT @logiplat: Nos urgences en souffrance c'est l'usager qui est en danger.
Merci de RT pour une pression maximale.
Ca ne peut plus durer leâ€¦
RT @EggDropZeus: Raw MIAMI talent ladies and gents!! Thank you @mofosnetwork for letting me direct day-in and day-out.  @Abella_Danger &amp; @pâ€¦
Mother, May I Sleep With Danger? https://t.co/7ntoYjGa4h
"The real danger is that China recognizes blockchain as a strategicÂ technologicalÂ innovation, which the US government is ignoring."
#yanggang @scottsantens @AndrewYang @PagetKagy @nerdsforyang https://t.co/oMOvQSDb1U
RT @nobleits: @chowtingagnes #SOSHK
#CUHKMassacre 

Help ğŸ’¥â€¼ï¸ CUHK are in danger â€¼ï¸ We need International help â€¼ï¸ğŸ”«ğŸ™ğŸ”¥ğŸ˜± https://t.co/wNChissGoz
UK weather forecast â€“ Met Office issues more â€˜danger to lifeâ€™ flood warnings as torrential rain to hitÂ country https://t.co/0ur0SwqhSq https://t.co/1bD1wtnGoZ
@CambrySelena Attention danger
RT @minsugacheonye: Estaban bailando â€˜Dangerâ€™ con â€˜Spine Breakerâ€™ y Nam se perdiÃ³ 

NO SÃ‰ SI QUERER PROTEGERLO O REÃRME POR LA RISA DE JINâ€¦
RT @ChagnonPatricia: âš ï¸ Ce soir sur @BFMTV @xavierbertrand sâ€™oppose aux listes communautaires pour #Municipales2020, mais hier il votait leâ€¦
RT @minsugacheonye: Estaban bailando â€˜Dangerâ€™ con â€˜Spine Breakerâ€™ y Nam se perdiÃ³ 

NO SÃ‰ SI QUERER PROTEGERLO O REÃRME POR LA RISA DE JINâ€¦
RT @MarquisO: If someone posed a danger to your children and grandchildrenâ€™s lives directly I suspect youâ€™d lose your casual comfortable anâ€¦
RT @womansdivine: australia is burning . houses , communities &amp; land are being damaged and taken away . people have lost lives . animals arâ€¦
@danger_joa_ ì ì  ë…¹ì•„ë‚´ë¦¬ê³ ì‡ì–´ìš”ã…‹ã…‹ã…‹ã…‹ã…‹ã…‹ã…‹ã…‹ã…‹ã…‹ã…‹ã…‹ã…‹ã…‹ã…‹
7 Years ago, #Primeval #NewWorld #Episode3, first aired on Space in Canada. A missing plane has travelled through an Anomaly and crashed in the #Jurassic. Evan and Dylan attempt a rescue mission, but are in danger of never returning home! https://t.co/WPlknrPxfV
RT @divineeuuh: Et dites vous qu'Ã  l'international ils en sont encore Ã  "Djadja". Attendez que "Pookie" et "Sucette" leur arrivent aux oreiâ€¦
RT @elisahk92: Et en plus dÃ©fenseur du retour des #djihadistes en France oÃ¹ en fait ils seront en grande majoritÃ© laissÃ©s libres 
Un âœ¡ avocâ€¦
RT @Forthleft2: Update: 
Things have eased here. We stayed up, in shifts, all night &amp; the danger has lessened a lot. 
Our fuel-load is muchâ€¦
RT @multifand0m_h0e: Danger Taemin solo stage #SUPERMinFortWorth #SUPERMinDallas #WeAreTheFuture #SuperM_FortWorth https://t.co/vVjJisyEcF
RT @ATEEZ_GLOBAL: âš ï¸ ATINYâš ï¸
We are in danger of losing our spot!

Voting has reset and we need you to vote on the website for â€œWORLDWIDE Fâ€¦
I guess this isn't obvious. Lots of "once you send it it isn't yours" replies. 

Yes. But a field could be included in the email header, and the recipient could tell his/her system to act on or ignore that field. I see no danger in this.
RT @minsugacheonye: Estaban bailando â€˜Dangerâ€™ con â€˜Spine Breakerâ€™ y Nam se perdiÃ³ 

NO SÃ‰ SI QUERER PROTEGERLO O REÃRME POR LA RISA DE JINâ€¦
RT @mysehuniverse: The BG music... if this is a track from the album then... /chuckles/ WE'RE IN DANGER  

 @weareoneEXO #OBSESSION #EXODEUâ€¦
RT @StandUpRepublic: "In any case, if they believe Trump is a danger to the national interest, they eventually have a duty to say somethingâ€¦
@Restrain Lmao you must not remember the OG model 1887s, the spas-12 with grip/FMJ and stopping power...OMA noob tubes and claymores with danger close...

Hahaha, please man. Tired take.
RT @BeaulieuBap: Crise au CHU de Toulouse : Ã  l'HÃ´pital des enfants tous les chefs de service dÃ©missionnent [...] Ils dÃ©noncent une absenceâ€¦
@BOULAISG2866 Les dangers qui nous menacent sont nombreux en effet

Bcp de musulmans sont plus en danger vis Ã  vis de ceux d entre eux qui utilisent la foi pour de trÃ¨s mauvaises ambitions qu ils ne sont menaces par la france en general
RT @ezracheungtoto: It is just a side note, but the Hong Kong Internet eXchange, which 99% internet interaction in Hong Kong goes through,â€¦
RT @womansdivine: australia is burning . houses , communities &amp; land are being damaged and taken away . people have lost lives . animals arâ€¦
RT @womansdivine: australia is burning . houses , communities &amp; land are being damaged and taken away . people have lost lives . animals arâ€¦
RT @K3vinShaarawy: pour Lil Reese perso je me fie Ã  sa mÃ¨re qui est avec lui et qui dit qu'il va "bien", fin que ces jours ne sont pas en dâ€¦
RT @jimsciutto: The stark headline of the @NikkiHaley story is not that sheâ€™s angling for Penceâ€™s job or that Trump likes the book, itâ€™s thâ€¦
RT @guybranum: The danger of casting gay or trans people in your gay or trans story is you might end up inadvertently making the characterâ€¦
RT @antielabhk: @revmahoney @Andychanhotin @FreedomHKG @Stand_with_HK Thank you sir. Our fighters are in danger. We tried the peaceful wayâ€¦
@DangeRussWilson @PeteCarroll @Seahawks Can't wait for Danger Talk this week!
RT @Mickks69: L'#islamophobie tue . Ah bon ???? 
Si pour vous le danger c'est  quand il y a une tÃªte de cochon accrochÃ©e  Ã  une mosquÃ©e. Jeâ€¦
RT @eternity_tm: YouTube

4Kì—ì„œ íƒœë¯¼ì•„ ì¶¤ì„ ë³´ì‹œë©´ ì¢‹ê² ì–´, ë™ì˜ìƒì„ í¸ì§‘í•˜ê³  YouTubeì— ì˜¬ë ¸ìŠµë‹ˆë‹¤ğŸ˜Šâ¤ï¸
ê´œì°®ë‹¤ë©´ ë´ì£¼ì„¸ìš”âœ¨
ì•ìœ¼ë¡œë„ Eternityë¥¼ ì˜ë¶€íƒë“œë¦½ë‹ˆë‹¤ğŸ™ğŸ’“

[4K]Danger https://t.co/6lLâ€¦
RT @miss_army_: Taemin performou danger e sayonora hitori e tÃ¡ de black hair, tudo que amo junto .. t.t https://t.co/bvpFCOx0SY
RT @tornadoresrchr: Nearly 25% of West Antarctic Ice in Danger of Collapse https://t.co/t7LMQ9Wi3M via @LiveScience
RT @minsugacheonye: Estaban bailando â€˜Dangerâ€™ con â€˜Spine Breakerâ€™ y Nam se perdiÃ³ 

NO SÃ‰ SI QUERER PROTEGERLO O REÃRME POR LA RISA DE JINâ€¦
RT @trump_gays: Are Democrats even aware of the danger of China and other foreign U.S. enemies if Socialism gets implemented in America?
#Sâ€¦
RT @minsugacheonye: Estaban bailando â€˜Dangerâ€™ con â€˜Spine Breakerâ€™ y Nam se perdiÃ³ 

NO SÃ‰ SI QUERER PROTEGERLO O REÃRME POR LA RISA DE JINâ€¦
@effiedog @lambzy12 Why should we let Jared off the hook bc he's involved. Killing journalists is a serious crime bc they're one of the pillars holding up our republic. They put themselves in danger  so we get real news.
Dans le magazine The Economist, Macron avertit du danger de guerre mondiale et d'effondrement de l'alliance atlantique https://t.co/fkIluyVSkX
@tinarbounds @DefendTheSheep Francis Chan warning not to criticize any leaders lest we be in danger of death.
https://t.co/L7ZdhQzhP6
For context and spiritual manipulation watch from 0-19. He mentions Mark Driscoll and Mike Bickle (cult-like leader).
RT @divineeuuh: Et dites vous qu'Ã  l'international ils en sont encore Ã  "Djadja". Attendez que "Pookie" et "Sucette" leur arrivent aux oreiâ€¦
RT @ChidiOdinkalu: What kind of security agency manhandles a woman pls? What physical danger does @_yemia pose to anyone FGS?! https://t.coâ€¦
RT @Ecolophobe: Bravo RN ! Entre vous Julien Odoul avec cette militante Ã  voile chariatique, puis l'exhibition hier impudique et honteuse dâ€¦
RT @JanetWagner21: Kenney has apparently anointed himself King of the West, affording himself far more authority than the Premiership or hiâ€¦
RT @niki0pell: @chymackiewilson @MissChenay @andimthesupreme it's a danger that directly affects some demographics more than others. yes, aâ€¦
RT @RichardDawkins: Sad to be leaving Germany, which has taken only a generation to change from one of the worldâ€™s least civilised nationsâ€¦
RT @minsugacheonye: Estaban bailando â€˜Dangerâ€™ con â€˜Spine Breakerâ€™ y Nam se perdiÃ³ 

NO SÃ‰ SI QUERER PROTEGERLO O REÃRME POR LA RISA DE JINâ€¦
RT @perriesaltz: i know no one cares about what is happening in australia right now but look. these are our cities. people are dying. peoplâ€¦
RT @womansdivine: australia is burning . houses , communities &amp; land are being damaged and taken away . people have lost lives . animals arâ€¦
RT @BBCSteveR: The last Soviet leader, Mikhail Gorbachev, tells me the world is in "colossal danger." I ask him about East-West tension...&amp;â€¦
RT @divineeuuh: Et dites vous qu'Ã  l'international ils en sont encore Ã  "Djadja". Attendez que "Pookie" et "Sucette" leur arrivent aux oreiâ€¦
RT @supermupdate: Songs heard in the soundcheck tonight in Fort Worth:

â€¢ Baby Donâ€™t Stop (TAEYONG x TEN)
â€¢ Dream In A Dream / New Heroes (â€¦
RT @mnsanafleur: -Ã‰ Army?

-Sim

-E se derrete toda na parte do Jin em Danger??

-NÃ£o 

-E Ã© Army?? 

@BTS_twt https://t.co/ODhKQeZCJ5
RT @Digbylj: Q: Who said â€œNATO should shut up shop, give up, go home &amp; go away.â€

A:  Jeremy Corbyn  just five years ago 

Vote Labour; getâ€¦
RT @griffiths_u: @tattoojunkie30 @laurarichards99 @Wecantconsentto Breathplay makes it sound like it's something out of a toddler group.  Iâ€¦
@GlenWPeterson I always think of MSRs as the bigger danger than MBS b/c of seen MSRs cause more failures. IMO, the daily mark of MBS forces action faster.  MSR - sensitivity to rates is greater and level 3 enables inaction.
RT @divineeuuh: Et dites vous qu'Ã  l'international ils en sont encore Ã  "Djadja". Attendez que "Pookie" et "Sucette" leur arrivent aux oreiâ€¦
RT @ricklevy67: Having seen footage of many of the homes lost , I can only say it has been ignorance &amp; laziness , many of them would have bâ€¦
@BreeNewsome Thank God! Totally understandable. I was so worried.. dangerous times for truth tellers these days. Then again, those courageous enough to speak the truth have always faced danger for doing so. Glad to hear from you!
RT @RichardDawkins: Sad to be leaving Germany, which has taken only a generation to change from one of the worldâ€™s least civilised nationsâ€¦
RT @dupontaignan: La Marche contre l'#islamophobie est une marche de l'intimidation, qui n'a rien Ã  voir avec la dÃ©fense des FranÃ§ais musulâ€¦
RT @lukeOlivierS: ATTENTION DANGER! ğŸ”¥ğŸ”¥ğŸ”¥Vox, le parti nÃ©ofranquiste serait la 3Ã¨ force Ã  l'assemblÃ©e des dÃ©putÃ©s espagnols selon le premierâ€¦
@bill_letric @godesosax @homicidalkween Bless you danger dog
RT @Blee1969Brian: To many arseholes on this today if Nicola sturgeon lays a wreath she a hypocrite to the unionbollocjs

 even though we wâ€¦
@Danger_Reol æµçŸ³ã†ã•ããƒ‘ã‚¤ã‚»ãƒ³ã£ã¦æ„Ÿã˜ã§ã™ã­w
@bexxyd I've also recently leaned to turn off my green light on 'Messenger'. Even if I woke up early and quickly checked my phone, I was in danger of someone seeing the light on &amp; bullying me into a conversation. It happened more than once. I demand the right to reply when I WANT TO ğŸ˜‹
Runcorn paedophile told he is 'danger to children' as he is jailed for four years https://t.co/1qYwCPcdO3 https://t.co/TQh3UaBiru
RT @keikoskywalker: ã‚„ã£ã±dangerãŒæœ€é«˜ã ã­ğŸ˜¢ğŸ’
ã‚‚ã†ãƒ†ãƒŸãƒ³å¤§å¥½ãã ã‚ˆğŸ˜¢ğŸ’

#MAMAVOTE #taemin https://t.co/wjj4yFrVwL
@Sheimey_ @Danger_Reol ã‚ã–ã¨ã˜ã‚ƒãªã„ã§ã™ã€‚æ€–ã„ã§ã™
(à¹‘&gt;ï¹&lt;à¹‘ï½€)
RT @stop1984: Paedophile caught in Ellesmere Port told he is 'danger to children' as he is jailed for four years https://t.co/IaXujRITva
@PNerval @Samia16801922 C'est dÃ©jÃ  mon cas! 
Je pense que vous voulez dire qu'il n'a plus sa place Ã  la tÃ©lÃ©vision 
car il est malsain, pervers, manipulateur, homophobe, provocateur, aimant humilier les gens, un danger pour les jeunes... 
Son aval Ã  Booba est la goutte de trop...ğŸ¤®
RT @Daniela77912741: Mas tarde tocaremos el nombre de mi amigo, ANUNAKI.
Vayan investigando para que les sea mas facil que los problemas plâ€¦
RT @enfant_Danger: @TadamYen @Office31315 @MarleneSchiappa Oui parler libÃ¨re malgrÃ© la douleur mais en France si un enfant ou une femme parâ€¦
RT @fran_adkins: @thedailybeast Who says she knows who it is.
I don't think the people tossing out names know who it is.

And they're justâ€¦
RT @TeukieYeye: D&amp;E being extra hot AF 

This is real Danger ğŸ”¥ ğŸ”¥ ğŸ”¥ 

NecesitarÃ¡n ir a confesarse despuÃ©s de ver este video 

VCR de su concâ€¦
RT @beamillsallgdr: She got cherry lips, angel eyes
she knows exactly how to tantalize
sheâ€™s out to get you, danger by design
cold bloodedâ€¦
RT @DaltonMHall: @AuthorACCameron @TerriIrwin Heâ€™d probably say, â€œCrikey!!! Did you see Daltons TEETH?!? Dane-Ja, Dane-Ja, Dane-Ja. (dangerâ€¦
RT @bangtansmix97: I donâ€™t know how many times i need to post it but i wonâ€™t stop until our spit on TOP SOCIAL 50 wonâ€™t be in danger! Pls!!â€¦
La peur n'empÃªche pas le danger alors pourquoi avoir peur d'essayer ?
Vas-y fonce le monde t'appartient
RT @AnnieGabstonH: Am I really the only one who feels like screaming?

Tillerson and Kelly told Haley that they believed Trump to be a dangâ€¦
@Sheimey_ å‘¼ã‚“ã ã¨ã“ã‚ã§æ¥ãªã„ã‚„ã¤ã®æ–¹ãŒå¤šã„ã—
RT @MomsDemandFan: â€œAnd the analogy that I use is we don't light a fire in the hallway to practice fire drills. When we're teaching strangeâ€¦
HIGHLY ENDEARED .. DANGER ZONE I LOVE HIM https://t.co/TIugjb01yL
RT @SophieW44000636: Here is a slow motion video showing the gun shot happened earlier today. As you can see the police didnâ€™t suffer any dâ€¦
RT @gchampeau: "Le danger qui guette les Etats providence numÃ©risÃ©s? Quâ€™ils servent les intÃ©rÃªts dâ€™une Ã©lite tandis qu'une sous-classe infoâ€¦
RT @cuteM3l: Bonjour cher Twitter je mâ€™en remet Ã  vous et vos rt en espÃ©rant un miracle.

Ma petite cousine Reina 5 ans est atteinte de laâ€¦
RT @maddbrown1: OK for people in the fire danger zones in NSW/Australia here are some resources to hopefully help everyone out this week. Fâ€¦
@A_l_o_n_e_b_o_y Yov ne la danger uh ğŸ¤£ğŸ™ğŸ»
RT @BGuiton: The spark was lit on the shores of #Cyprus &amp; The glorious  Troodos Mnts. They had no idea what they'd started or the danger awâ€¦
Une espÃ¨ce en danger: la baleine noire.
Il perd la vie en voulant sauver les baleines https://t.co/4V0isAh6NB
RT @AnnieGabstonH: Am I really the only one who feels like screaming?

Tillerson and Kelly told Haley that they believed Trump to be a dangâ€¦
@Babett69 Ahh... and there you see the danger of basing your opinions on random assumptions you've (incorrectly) made. It makes you look like a bit of a tit.
RT @Daniela77912741: Mas tarde tocaremos el nombre de mi amigo, ANUNAKI.
Vayan investigando para que les sea mas facil que los problemas plâ€¦
SHARE NOW: Missing 6-year-old girl believed to be in 'extreme danger' https://t.co/ue7vMplwLO
RT @jerseyshore713: @Mimirocah1 AG Barr is the real danger to our democracy. Holding secret meetings to plot disruption to a constitutionalâ€¦
@usagi96321 @auzuiii ä½•ã‚’é ‘å¼µã‚‹ã‚“ã§ã™ã‹ã‚‹
RT @le_Parisien: Manifestation contre lâ€™islamophobie : Â«Nous sommes en danger, pas dangereuxÂ» https://t.co/VSg4XPdfDE
Utterly ridiculous speech. 

The change at many DA offices is actually because of the will of the people. The same people who have the right to vote for change in their respective communities. 

This idiotic rhetoric from the US Attorney is the true danger to the public. https://t.co/0nk98r1iSJ
@l8dyice85 It's so sad. I know there must be a lot going on, but you just put someone else's life in danger! &amp; even the cops didn't stop them. ğŸ˜¢
I dreamt of a world where we came together in awe of the waste we've accumulated, and danger we've put our world and ourselves in
@decad_evs ã•ã™ãŒã«è…¹ç—›ã¯ãƒªã‚¢ãƒ«ã«DANGERçŠ¶æ…‹ã§ã™ã‹ã‚‰ã­ãƒ»ãƒ»ãƒ»æ¨ã¦ã‚²ãƒ¼ã‚‚è‡´ã—æ–¹ç„¡ã—ã‹ã¨ãƒ»ãƒ»ãƒ»ğŸ˜­ğŸ’¦
RT @MichaelAvenatti: .@MZHemingway - You are a disgrace. A total piece of garbage. You have placed someoneâ€™s life in danger in an effort toâ€¦
RT @smh: At least 300 schools across the state and in suburban Sydney are expected to close tomorrow as NSW braces for "catastrophic" fireâ€¦
RT @gchampeau: "Le danger qui guette les Etats providence numÃ©risÃ©s? Quâ€™ils servent les intÃ©rÃªts dâ€™une Ã©lite tandis qu'une sous-classe infoâ€¦
RT @dianoetickrisna: Economy is in danger and these shameless JNUtards don't want to pay 300.

How a poor nation like can afford keeping drâ€¦
RT @fahskyarissara: à¸‡à¸²à¸™ #KAMPSingapore2019 à¸§à¸±à¸™à¸™à¸µà¹‰à¸„à¸·à¸­ SJ à¹à¸ªà¸”à¸‡à¹„à¸› 9 à¹€à¸à¸¥à¸‡
- Super clap 
- Black Suit
- Devil
- Miracle
- Ping Magic (Yesung)
-â€¦
RT @jennynoise: Remember when everyone was outraged that students had a day off school to protest climate change inaction?  https://t.co/itâ€¦
RT @haeun__shinee: ã„ã‚„ã€ã‚‚ã†ã­â€¦
ã¿ã¦ãŸã‚‰
ãã‚ã‚ã‚ãã‚ã£ã¦æƒ³ã„ãŒæº¢ã‚Œã¦ãã¦
æ³£ããã†ã«ãªã£ãŸã—
Dangerã¨ã‹
ãã‚ƒã‚ã‚ã‚ãã‚(,,ê’ªê’«ê’ª,,)(,,ê’ªê’«ê’ª,,)ã£ã¦
ãªã£ã¦æ…Œã¦ã™ãã¦ã‚¹ã‚¯ã‚·ãƒ§ã—ã‚ˆã†ã¨ã—ãŸã‚‰ç„¦ã‚Šã™ãã¦é›»æºOFFã—ã¡ã‚ƒã£ã¦
å¤§äº‹ãªã¨ã“è¦‹é€ƒã™â€¦
Claimed and Danger were the first JB fanfics Iâ€™ve ever read
@myjourneymyself @hemp17347088 Tribunal started on January 2nd 2019. Those who are guilty of treason. Will face military tribunals. People like John McCain. Did not die a natural death. They were guilty of funding ISIS trafficking. Civilians follow Abel Danger. Pathfinder
@GinolaFME @AnasseKazib Surtout si vraiment la libertÃ© des musulmans, voire leur vie d'aprÃ¨s certains !! Ã©taient en danger, la tu aurais eu infiniment plus.
Je vais pas dire que 13 000 c'est peu mais Ã§a prouve clairement que les musulmans sont heureux en France et qu'il n'y a aucun racisme d'Ã©tatğŸ‘
@Mellecon @guntotingteabag Is he the only witness? And why would he â€œassumeâ€ something that hurts his guy he donated 1M to? Because he is in danger of perjury.  Are all the other witnesses corrupt? Is Vindman?  All it takes for you to destroy someone is for them to go against Trump.
RT @taesmug: YALL LISTEN UP!! Our mentions are decreasing so our #1 spot on social 50 is in danger! Whenever you see this in your TL you'reâ€¦
@YNB @RealCandaceO The guy is no danger - he is not entitled to anonymity under the law. Left lies about anything , everything . And he isnâ€™t even a WB .
RT @MarkSZaidEsq: Top lawyer for Cong @DevinNunes told me in writing #HPSCI #GOP always protects #whistleblowers. That had been my experienâ€¦
New top story from Time: They Tried to Save the Lives of Immigrants Fleeing Danger. Now Theyâ€™re Facing Prosecution https://t.co/OW9hJoIJyG Jasmine Aguilera/Ajo, Arizona and Billy Perrigo/Berlin November 11, 2019 at 08:00PM
Australian state declares emergency, faces â€˜catastrophicâ€™ fire danger
https://t.co/zKgWp8cssm
RT @dianoetickrisna: Economy is in danger and these shameless JNUtards don't want to pay 300.

How a poor nation like can afford keeping drâ€¦
RT @NSWRFS: We are entering an extremely dangerous period of fire danger across NSW - because of the large amount of fires already burning,â€¦
Venezuela's mass migration poses a danger to the Western Hemisphere https://t.co/9T1H5ZcNO5
"Danger" by Romare #nowplaying #beats1 https://t.co/WMZGFUV1Iz https://t.co/CSWyPV8KOZ
@auzuiii @Danger_Reol ãˆã€ã²ã©
RT @AnnieGabstonH: Am I really the only one who feels like screaming?

Tillerson and Kelly told Haley that they believed Trump to be a dangâ€¦
RT @CattHarmony: Voters in Tucson, one of Arizonaâ€™s most liberal cities, overwhelmingly rejected sanctuary city measure, because they knowâ€¦
RT @Iron_Spike: It absolutely IS. The stabilizing effect  of just having a place to live does TONS to fix like a dozen other things going oâ€¦
RT @ECiotti: Allah Akbar entonnÃ© dans une manifestation publique en France, lâ€™islam politique ne se cache plus et sâ€™empare de la rue

Jâ€™appâ€¦
RT @AllanJLewis2: Some agents in the FBI see JOE THE ELUSIVE CRIME FIGHTER as a potential asset to solving difficult crimes, others see hisâ€¦
@MorganFrawley U.S. news outlets are following your fire season. Word is that the worst danger for Sydney comes tomorrow (Tuesday). Will be thinking of you and wishing/praying for the best. xxx
OK so rumours have it that nigel farage has been threatend by unknowns that if he persues pushing his candidates into every labour and tory election seat his life would be in danger this has been spread on all social media is this true or false.âœŒpeace https://t.co/W97e2MQiRY
@Mas5665 At breakfast with friends Me: @Morning_Joe is a real gaslighting danger to democrats again in 2020

Friends: who still watches that show? 
ğŸ˜
@JCrongeyer Right! Wth arenâ€™t republicans worried about the safety of the country?? This man is a clear &amp; present danger! Itâ€™s unbelievable! @GOP
RT @jewishaction: Questioning why two billionaires might support each other is not antisemitic.

People are twisting or willfully misreadinâ€¦
RT @AnnieGabstonH: Am I really the only one who feels like screaming?

Tillerson and Kelly told Haley that they believed Trump to be a dangâ€¦
RT @DiamondTaem: During Danger, Taemin is the coolest. â¤ï¸
...and what a bittersweet feeling to know this was the ending song. 

#íƒœë¯¼ #TAEMINâ€¦
@chuks_el_boss @AdeniyiSnr @SubDeliveryZone Danger zone oo
RT @drandrewmackay: PSA: Never underestimate the danger of Facepalming. https://t.co/Zi8fKfsKfE
â€˜Catastrophicâ€™ fire danger forecast for Hunter Valley https://t.co/T3nu6HBU5F https://t.co/aabNv0iBPA
RT @PamKeithFL: The REASON the GOP is so fixated on revealing the Whistleblower is to put his life in danger. Itâ€™s about revenge &amp; making hâ€¦
â€˜Catastrophicâ€™ fire danger forecast for Hunter Valley https://t.co/ezMgrPuInL https://t.co/sWBVNx6527
RT @Maxime_Reynie: C'est donc une fuite impressionnante qui vient d'avoir lieu au #chili grÃ¢ce Ã  des hackers Russes.
Que va t'il se passerâ€¦
@usagi96321 @Danger_Reol ã ã¾ã‚Œ
RT @RobertArnol: This is a scene from yesterday. Yesterday had an extreme fire danger rating in NSW. Tomorrowâ€™s rating - Catastrophic Fireâ€¦
â€œIt was a privilege to conduct a Remembrance Service for the three men from Carluke who received the Victoria Cross.
Their bravery in the face of extreme danger was extraordinary.â€
@churchmoderator, via @churchscotland.
https://t.co/cGEmUfrRT9
RT @jennynoise: Remember when everyone was outraged that students had a day off school to protest climate change inaction?  https://t.co/itâ€¦
@Chrisbamidele @DOlusegun Democracy is in danger.
RT @LagosDriver: @taiwoadewole @omo_goddy @AdebolaGb @bukola23 @Mr_JAGs @tysalihu @jimidisu @TheEhoanLagos @LagosWaste @lagospedia @ProfAkiâ€¦
@derek_eretz As an Army Veteran I beleive Corbyn it not a danger to this country. Who mentioned zionists? Whoâ€™s the conspiracist now? it must be that Marxist organisation callled Business Insider! 
https://t.co/rw1ZEOWwGz
I checked the website of our city council today: 255 trees in our city need to be cut down because theyâ€™re sick and could cause danger in a storm. https://t.co/TtuBNnGYeg
Politicians of all stripes tell lies to gain political power, often leaving the electorate to discover truth and factual evidence the hard way.I'm not keen on Gove, but here Lucas denies the danger of unfettered migration in an attempt to smear him and make herself look virtuous. https://t.co/xPS4lFcADh
Doom a human in the Mask, born to stunt
Danger zooming past mad fast on the hunt
RT @allisonpearson: One of the leaders of the Belgian bombings was able to travel to Birmingham unintercepted because of freedom of movemenâ€¦
RT @KimQuintero: Thankful for those who serve our country. When many of us run from danger, they run to it! Praying our communities will taâ€¦
RT @Acermendax: L'#homÃ©opathie, c'est aussi un mouvement idÃ©ologique investi dans la lutte contre la vaccination.

Avec des "mÃ©decins" quiâ€¦
RT @AngelLight2U: Do NOT retweet this.

Itâ€™s very wrong and bad.. ğŸ¤­ğŸ˜‰ğŸ˜‰
We are all very naughty if we say the name of this Fake Ass â€œWhistlebâ€¦
RT @BBCVickiYoung: Nigel Farage says itâ€™s been a difficult decision but the Brexit Party wonâ€™t now field candidates in 317 seats Tories wonâ€¦
RT @BBCVickiYoung: Nigel Farage says itâ€™s been a difficult decision but the Brexit Party wonâ€™t now field candidates in 317 seats Tories wonâ€¦
@Mugisalty @SolomonYue Nothing can stop the police to hurt the citizen brutally as Hong Kong government provide them with unlimited authority. They do everything with no consequences. 100% Police State in Hong Kong. A very very danger place now.
#StandWithHongKong #HongKongPoliceBrutality  #PoliceState
RT @AnnieGabstonH: Am I really the only one who feels like screaming?

Tillerson and Kelly told Haley that they believed Trump to be a dangâ€¦
@babgi @JMJancovici @franceinter Faible compÃ©tence ? Pas que chez les journalistes et acteurs politiques ! Exemple avec Jeremy Rifkin qui n'intÃ¨gre pas la question du stockage des Ã©nergies renouvelables dans sa promotion du solaire et de l'Ã©olien. https://t.co/1vj6eP10Q5
RT @AnnieGabstonH: Am I really the only one who feels like screaming?

Tillerson and Kelly told Haley that they believed Trump to be a dangâ€¦
I am winning in all my fantasy matchups and playing against Danger Russ in all of them. Ive never been a bigger 49ers fan than tonight. $FantasyFootballProblems
RT @uibests: If you truly love the person youâ€™r dating or married to, you would never have sex( especially unprotected) with another personâ€¦
RT @joaquersphoenix: I AM IN DANGER https://t.co/obCG31DCyz
@danger_u_u è²·ã„å¿˜ã‚ŒãŸï½ğŸ˜±
ã˜ã‚ƒãŒã‚Šã“é£Ÿã¹ã¾ã™w
RT @ECiotti: Allah Akbar entonnÃ© dans une manifestation publique en France, lâ€™islam politique ne se cache plus et sâ€™empare de la rue

Jâ€™appâ€¦
@NyembeMbalenhle Singena noma ningathi danger gewaar
RT @TheMaineJess: One of my best friends, @MaineMillennial, writes a column every Sunday for the @PressHerald and while Iâ€™m always a fan, tâ€¦
RT @CattHarmony: Voters in Tucson, one of Arizonaâ€™s most liberal cities, overwhelmingly rejected sanctuary city measure, because they knowâ€¦
RT @kaysexwale: When I read an article like this about @PaulKagame I remember that he blocked me on Twitter when I enquired about the mysteâ€¦
RT @dianoetickrisna: Economy is in danger and these shameless JNUtards don't want to pay 300.

How a poor nation like can afford keeping drâ€¦
@JohnBenCawley1 Trump threw on the spotlight. Three years ago the deep state was for "conspiracy theorists" and now it's a very clear and present danger.  I pray we can aright this ship and flesh out the corruption.
RT @jennynoise: Remember when everyone was outraged that students had a day off school to protest climate change inaction?  https://t.co/itâ€¦
RT @ECiotti: Allah Akbar entonnÃ© dans une manifestation publique en France, lâ€™islam politique ne se cache plus et sâ€™empare de la rue

Jâ€™appâ€¦
RT @NBCNews: Australia's most populous state declared a state of emergency as dozes of fires ravage the countryside with authorities warninâ€¦
RT @jewishaction: Questioning why two billionaires might support each other is not antisemitic.

People are twisting or willfully misreadinâ€¦
je stress Ã  mort quand elle est en danger..ğŸ¥º
RT @nycsouthpaw: The concrete repository on the Marshall Islands where the United States dumped massive amounts of lethally hazardous wasteâ€¦
RT @5Lecturer: Ø¯Ø±Ø³ _ Lesson _ Ù„ÙŠØ³Ù†
ÙŠÙ‚Ù„Ù‚ _ Worry _ ÙˆÙˆØ±ÙŠ
ÙŠÙ‚Ø§Ø¨Ù„ _ Meet _ Ù…ÙŠÙŠØª
ÙŠÙ†Ù‡ÙŠ _ Finish _ ÙÙŠÙ†Ø´
Ø¹Ø§Ø¯ÙŠ _ Normal _ Ù†ÙˆØ±Ù…Ø§Ù„
Ø¹Ù…ÙŠÙ‚ _ Deep _ Ø¯ÙŠØ¨
Ø®Ø·â€¦
@WanaAndre @TsunadeFR @WanaAndre  aille, mais moi Ã§a va ce son mes vrais ongles pas de danger
RT @Jay_Beecher: No-one 'wants' nuclear weapons to exist, but sadly they are a necessity. Unless the rest of the world (including extreme râ€¦
#ãƒ™ãƒ¼ã‚¹ã®æ—¥ #FIRE

Danger Game by MORRIE (å…‰ã‚‹æ› é‡ [Disc 1]) #NowPlaying

ä»Šæœã¯ãƒ™ãƒ¼ã‚·ã‚¹ãƒˆåã®ã‚¿ã‚°ã‚’ã¤ã‘å¿˜ã‚Œã¦ã¾ã—ãŸã­ã‡orz https://t.co/JvlMIiufnH
@F_Desouche Alors que jâ€™attendais Ã  lâ€™aÃ©roport dâ€™Ivato Ã  Madagascar , une trentaine de missionnaires Talibe musulmans sont arrivÃ©s. Ils Ã©taient en mission dâ€™islamisation de Madagascar et venaient tous de lâ€™Ile MAURICE . Il y avait aussi des muzz pakistanais . Le danger est trÃ¨s actif !
RT @MDB_BB: Comportement dangereux de ce chauffeur de bus qui me frÃ´le avec ma fille de 5 ans Ã  lâ€™arriÃ¨re du vÃ©lo alors que dâ€™autres vÃ©hicuâ€¦
RT @MichaelAvenatti: .@MZHemingway - You are a disgrace. A total piece of garbage. You have placed someoneâ€™s life in danger in an effort toâ€¦
@GG_RMC Ce monsieur cri trÃ¨s fort cela dÃ©montre son sectarisme et sa haine verbale ğŸ˜¡ il essaye toujours de noyer le poisson et argumente seulement ce qui lâ€™arrange ğŸ˜¡ @AnasseKazib est un danger pour notre dÃ©mocratie quâ€™il piÃ©tine en permanence ğŸ¤¬
@saulbenkish Your foolish words put Jews throughout the world in danger. You do not represent 95% of the Jews in the world. Zionism is a political movement to effectuate a safe and free home for Jews in the indigenous homeland in the Land of Israel. The political movement is successful 1:2
RT @wunpini_fm: Difficult questions like: â€œWhy do Rwandan opposition members keep going missing?â€ â€œHow did he get 99 percent of the votes câ€¦
@uffeelbaek please save hong kong we are in danger ğŸ™ğŸ»ğŸ˜­
@livxrimoly amiga??? tem icaly, drake e josh, brilhante vitoria, henry danger e mais uma porrada de sÃ©rie boa
RT @Cameron_Gray: @AprilDRyan @realDonaldTrump @RepCummings So instead of blaming the "leaders" who allowed parts of Baltimore to become baâ€¦
RT @FortniteGame: When danger comes knocking at your door, the Candy Corn LMG packs a sweet punch. Mow down the Husks with festive treats!â€¦
RT @vakengeddan: @IanRCrane Beyond horrific that one of the bravest fighters against trafficking; Field McConnell aka Abel Danger has beenâ€¦
@auzuiii @Danger_Reol ãŒã‚“ã°ã‚Šã¾ã™
RT @BBCVickiYoung: Nigel Farage says itâ€™s been a difficult decision but the Brexit Party wonâ€™t now field candidates in 317 seats Tories wonâ€¦
Lovely to catch up with the #Hayes preschool kids in Hayes Street and chat about road safety and stranger danger this morning.

#7123SN #1924SN https://t.co/gJBMrpWseF
@pleshido_sp No sir, you're missing the point. What I am saying is that the danger lies not in where the violence occurs but with the people who mete it out. And in our context, it happens to mostly be men. And until men can take accountability for that, the problem won't go away.
@naukarshah @rupagulab Please talk to Congress President. She must understands the problem .We must save our democracy, if election process is farce and not free and fair then we are in real danger.
RT @Jay_Beecher: No-one 'wants' nuclear weapons to exist, but sadly they are a necessity. Unless the rest of the world (including extreme râ€¦
RT @AnnieGabstonH: Am I really the only one who feels like screaming?

Tillerson and Kelly told Haley that they believed Trump to be a dangâ€¦
We are not in immediate fire danger, but we have a bag with our important papers, animal stuff at the ready, and have talked out our fire plan because we're way too close to forest not to be prepared.
RT @BBCVickiYoung: Nigel Farage says itâ€™s been a difficult decision but the Brexit Party wonâ€™t now field candidates in 317 seats Tories wonâ€¦
RT @Cameron_Gray: @AprilDRyan @realDonaldTrump @RepCummings So instead of blaming the "leaders" who allowed parts of Baltimore to become baâ€¦
RT @rainey_knight: Morriscum Govt Ignores Greg Mullins ,former top firefighter, and 22 emergency services chiefs â€œExperts â€œwhen they askedâ€¦
RT @philaitatos: danger days just gets to me like yEAH IF WE COULD RUN AWAY RUN AWAY FROM HERE and YOU CAN RUN AWAY WITH ME ANY TIME YOU WAâ€¦
@AnnieGabstonH Also worth noting, Tillerson and Kelly told Haley they believed trump to be a danger to the nation, and she didn't warn the nation or trump.

That fence post has to hurt.
RT @NSWRFS: Smoke from fires in northern NSW is starting to settle in parts of the state including Sydney. People are advised to only callâ€¦
RT @Reemaz___: AUS students/UAE residents:

With this rain, storm season, and slippery roads, please try to avoid ordering delivery. The meâ€¦
PML-N says danger to Nawaz Sharif's health increasing as time progresses https://t.co/hNko7mfBcw https://t.co/cJs5LfjdvZ
RT @bairdjulia: We have come to the point where true experts are derided as "radicals" and those with no or little expertise decide to baseâ€¦
RT @NSWRFS: The fire danger tomorrow is now expected to be worse than originally forecast. The Illawarra/Shoalhaven is now forecast to expeâ€¦
RT @NSWRFS: At 6am there's 64 bush and grass fires across NSW, 40 not yet contained. Many of these fires won't be contained ahead of tomorrâ€¦
RT @SenSchumer: Today, the five-day â€œpauseâ€ on hostilities in northern Syria is set to come to an end. What happens next is completely unknâ€¦
RT @cuteM3l: Bonjour cher Twitter je mâ€™en remet Ã  vous et vos rt en espÃ©rant un miracle.

Ma petite cousine Reina 5 ans est atteinte de laâ€¦
RT @SUsurpateur: Voyez @emmanuelmacron la discorde qui rÃ¨gne dans le Pays, on vous la doit ! Pis encore en ayant montÃ© les FranÃ§ais les unsâ€¦
RT @Weather_West: This appears to be the first such "catastrophic" fire risk designation (the highest level, above "extreme") for #Sydney,â€¦
RT @BBCVickiYoung: Nigel Farage says itâ€™s been a difficult decision but the Brexit Party wonâ€™t now field candidates in 317 seats Tories wonâ€¦
RT @jennynoise: Remember when everyone was outraged that students had a day off school to protest climate change inaction?  https://t.co/itâ€¦
@taiwoadewole @omo_goddy @AdebolaGb @bukola23 @Mr_JAGs @tysalihu @jimidisu @TheEhoanLagos @LagosWaste @lagospedia @ProfAkinAbayomi @moelagos @driloriadeniji @BabajideOtitoju @WHO @jidesanwoolu The number of people sleeping on d street is also a statistic that goes unverified. They constitute a greater danger bcz it is a daily event for them as there are few free public bathrooms available.
D one in Mainland LG is pay &amp; use.
Les islamistes nâ€™ont pas Ã  dÃ©filer et scander des thÃ¨mes anti franÃ§ais nâ€™y faire dÃ©filer des gamines avec lâ€™Ã©toile jaune sâ€™ils veulent le faire quâ€™ils aillent dans leur pays dâ€™origine ! Maintenez si vous nâ€™en voyez pas le danger tant pis pour vous ! https://t.co/tJxq1gKgWb
RT @ellinghausen: RFS crews from southern NSW in Western Sydney ahead of catastrophic fire danger forecast for the Greater Sydney region toâ€¦
RT @AssaadRazzouk: Australia #climate #facts

Unprecedented dryness
Unprecedented drop in long-term rain
Unprecedented low humidity
Unpreceâ€¦
RT @laflamesr: âœ¨Versets du Coran pouvant aider les gens qui se trouvent dans une de ses situations : 

ColÃ¨re : 3;159
Faiblesse : 4;28
Soliâ€¦
RT @myworldmysun: Trump-My own personal Vietnam
(about not catching a STD)

The danger of dating,Trump said in 1997,was the possibility ofâ€¦
C'est terrible de voir ces 2 vidÃ©os et ce jeune abbatu Ã  bout portant. La panique commence Ã  envahir #hongkong ğŸ˜­ğŸ˜­ğŸ˜­. Voir ces jeunes qui mettent leur vie en danger pour la dÃ©mocratie est Ã  ne jamais oublier!
https://t.co/WsL2gsKgn7
https://t.co/ugo5Lf3NLJ
RT @NSWRFS: Smoke from fires in northern NSW is starting to settle in parts of the state including Sydney. People are advised to only callâ€¦
RT @ECiotti: Allah Akbar entonnÃ© dans une manifestation publique en France, lâ€™islam politique ne se cache plus et sâ€™empare de la rue

Jâ€™appâ€¦
RT @Just_HakunaMata: #MeTooTrans
ÃŠtre coincÃ© Ã  l'Ã©tage "filles" Ã  l'internat alors que je suis Ã  1 an de T
J'ai Ã©tÃ© interpellÃ© plusieurs foâ€¦
Hundreds of English churches in danger from harsh weather https://t.co/hqeWhczoOv @PremierRadio #brexitfree #news
RT @gchampeau: "Le danger qui guette les Etats providence numÃ©risÃ©s? Quâ€™ils servent les intÃ©rÃªts dâ€™une Ã©lite tandis qu'une sous-classe infoâ€¦
RT @YesWeCan4Us: @brianstelter We must be prepared for the #DANGER psychiatrists predicted! Dr. @DMRDynamics: "Trump is narcissistically irâ€¦
RT @KimQuintero: Thankful for those who serve our country. When many of us run from danger, they run to it! Praying our communities will taâ€¦
RT @gchampeau: "Le danger qui guette les Etats providence numÃ©risÃ©s? Quâ€™ils servent les intÃ©rÃªts dâ€™une Ã©lite tandis qu'une sous-classe infoâ€¦
RT @sudouest: CocaÃ¯ne sur les plages du Sud-Ouest : "Il y a un rÃ©el danger de santÃ© publique", interview du Colonel Olivia Poupot, commandaâ€¦
lots of details here parramatta and liverpool/campbelltown/northen beaches/surroundings  are even more in danger
RT @hayley_Core_V: @PeterAskin1 8 lifes must be savedğŸ™

8 lifes are at dangerğŸ˜¢

8 beautiful cats want to liveğŸ˜»

8 precious cats need a rescâ€¦
Here is a slow motion video showing the gun shot happened earlier today. As you can see the police didnâ€™t suffer any danger, but still pull out his gun and run into the man who wear white jacket, and the other guys try to help the white jacket man and got shot! #HKPoliceMurderer https://t.co/zjtEqa39cn
RT @bairdjulia: We have come to the point where true experts are derided as "radicals" and those with no or little expertise decide to baseâ€¦
RT @Mamaili_M: The danger of an unchallenged myth: The lie that is Rwandan President Paul Kagame https://t.co/2qArHSeX79
Nigel Farage says itâ€™s been a difficult decision but the Brexit Party wonâ€™t now field candidates in 317 seats Tories won last time. Says danger is letting in â€œRemainer Lib Dem MPsâ€ #Election2019
@AhgaseAshley @repreprepola @Eden_Eats I never said there wasnâ€™t a danger. Iâ€™m pointing out the double standard. Letâ€™s say there was no threat (non violent boyfriend) who said he didnâ€™t approve. He would be labeled â€œcontrollingâ€.
@shoulder_danger è‡ªå·±èªè­˜ãŒæ­£ç¢ºã§ã€ã¾ãŸã“ã®ä¸–ã®çœŸå®Ÿã«çœŸæ‘¯ãªæ…‹åº¦ã§ã¨ã¦ã‚‚å¥½æ„ŸãŒæŒã¦ã¾ã™ã€‚100ç‚¹
RT @SanagaLion: Eren a pris les mesures qui sâ€™imposaient, son peuple et son Ã®le sont en danger, il crÃ©e un PanEldienisme, quitte Ã  commettrâ€¦
RT @Galaxy__Convoy: OUR WORLDS ARE IN DANGER
RT @pita6620gmailc1: @IvankaTrump Please consider @IvankaTrump the thousands of women entrepreneurs who risked everything and worked tireleâ€¦
RT @CAMACHELL: .#r4today Jeremy Corbyn is a peacemaker but that doesn't make him a pacifist and he has said that. The leaders who are a danâ€¦
danger days just gets to me like yEAH IF WE COULD RUN AWAY RUN AWAY FROM HERE and YOU CAN RUN AWAY WITH ME ANY TIME YOU WANT and WE COULD LEAVE THIS WORLD LEAVE IT ALL BEHIND WE COULD STEAL THIS CAR  IF YOUR FOLKS DONT MIND WE CAN LIVE FOREVER IF YOUVE GOT THE TIME
RT @StephenMcGann: @ANaudeFourie @StevePeers I care about this aspect of the drama very much, Andria. It's a reminder of progress, and a leâ€¦
RT @PopChassid: Here is the video of a person using the butt of his gun to smash the windows of my daughterâ€™s school in Brooklyn.

It is anâ€¦
RT @NSWRFS: NSW will experience very dangerous fire conditions tomorrow, with Catastrophic fire danger forecast for Greater Sydney and Greaâ€¦
@IanRCrane Beyond horrific that one of the bravest fighters against trafficking; Field McConnell aka Abel Danger has been arrested. How does this make sense? Is Trumps fight for the children just a farse?
Or is Deep State in charge/damage control? Far too many powerful exposed by F.M?

ğŸ˜¢
RT @DianneCostin: This fire is 17kms from my place. Friend who lives at Huonbrook is now at my place after evacuating earlier today. UNPRECâ€¦
RT @1980Dorothy: Hey @Jack! By tweeting a photo and name of the alleged whistleblower and encouraging others to retweet, .@RealCandaceO isâ€¦
RT @GabyNhlapo: No man that loves you will put you in visible danger, and on purpose. A man that loves you will never compromise your safetâ€¦
RT @dmon4ever: âš ï¸ DANGER AHEAD? âš ï¸

Rumblings of unrest grow louder.

Given Tlaib's comments (â¤´ï¸) it's not unreasonable to prepare for a teâ€¦
To All Veterans, especially my Daddy and my wonderful husband Craig,  â€œThank you for the sacrafice on our behalf...for having the courage to stand in the face of danger and fight for whatâ€¦ https://t.co/fZLlUYnBLZ
The birthstone for November is Topaz, which I do have on my site, etsy and not on the highstreet. Just saying ;)â 
English superstition held that topaz cured lunacy, and the ancient Romans believed that it protected against danger while travelling. Duâ€¦ https://t.co/JIJA7Ueq4j https://t.co/Q4LFrXAlop
RT @ARISEtv: He is still on hunger strike... His life is in danger. A fellow Nigerian is being put down and we say nothing. @ProfOsinbajo sâ€¦
RT @jennynoise: Remember when everyone was outraged that students had a day off school to protest climate change inaction?  https://t.co/itâ€¦
RT @AnnieGabstonH: Am I really the only one who feels like screaming?

Tillerson and Kelly told Haley that they believed Trump to be a dangâ€¦
@JamesOKeefeIII @SebGorka @ABC @brianstelter @CNN CNN ABC CBS NBC MSNBC are a disgrace and a danger to the American people.
Big Up To DJ Illatek, Danger K &amp; Sabrina for passing through!! https://t.co/Pk3p1tGqzZ
RT @CattHarmony: Voters in Tucson, one of Arizonaâ€™s most liberal cities, overwhelmingly rejected sanctuary city measure, because they knowâ€¦
Qui pousse le joueur Ã  Ãªtre impulsif, incontrÃ´lable en ayant toujours le besoin de se sentir en danger. De misÃ© malgrÃ© les pertes. Mighty est un addict en dÃ©tresse et j'espÃ¨re qu'il finira par arrÃªter il court trÃ¨s certainement Ã  sa perte. On ne souhaite de mal Ã  personne #prono
RT @allisonpearson: One of the leaders of the Belgian bombings was able to travel to Birmingham unintercepted because of freedom of movemenâ€¦
RT @jennynoise: Remember when everyone was outraged that students had a day off school to protest climate change inaction?  https://t.co/itâ€¦
RT @NBCNews: Australia's most populous state declared a state of emergency as dozes of fires ravage the countryside with authorities warninâ€¦
@LoupieBrown @Deanrobyn22 I know. They clearly only pose a danger to females, and as we know females arenâ€™t worth protecting. Especially in India.
RT @danger_orange2: ã€ã‚†ã‚‹ã¼ã€‘
ï¼‘ï¼’æœˆï¼•æ—¥æ˜¼ã®æ¾ã‚¹ãƒ†ã®ãƒã‚±ãƒƒãƒˆãŒã‚ã‚‹ã®ã§ã€ã©ãªãŸã‹ãƒ•ã‚©ãƒ­ãƒ¯ãƒ¼ã•ã‚“ã§ã€Œè¦‹ã«è¡ŒããŸã„ãªã€ã£ã¦æ–¹ã„ã‚‰ã£ã—ã‚ƒã‚‰ãªã„ã§ã™ã‹ã­â€¦ç§ã®éš£ã®å¸­ã§ã™ã‘ã©â€¦
RT @Jay_Beecher: No-one 'wants' nuclear weapons to exist, but sadly they are a necessity. Unless the rest of the world (including extreme râ€¦
@GoldenClancy This house is better than where we were before, before we had many kilometres of bush around us. Now, we have bush up the road and a reserve across the road but people around here are in the danger zone and the RFS have warned of embers travelling 10klms in the wind
@cspanwj To save this president the republicans will put this WB in danger and will stop future WB from coming forward. The only reason Rep want this is to vilify the WB not to prevent corruption. Despicable.
@hakgangwanan @BBCWorld The wounded have been taken to hospital for treatment and no danger to his lives. In addition, the Hong Kong police fired just because the protesters attempted to snatch guns. This is to protect the safety of the police and other people
@brianstelter FFS LISTEN to the EXPERT PSYCHIATRISTS @BandyXLee1 hair on fire fire warning for 3+ years. 

Itâ€™s ALL ABOUT UNDERSTANDING his MALIGNANT NARCISSIST PSYCHOPATHY! #Gaslighting #NarcissisticAbuse 

W A K E tF UP PEOPLE! Weâ€™re in massive trouble and danger NOW!!!
RT @KarenPeloille: Quand le twist devient un danger d'invalidation de cette cassure haussiÃ¨re. SL juste en-dessous. https://t.co/r9aoS2V7jD
@mayonese23 @Gomevil æ–°ã—ã„æ„Ÿè¦šã®ã‚²ãƒ¼ãƒ ã‚„ã‘ã©ãªï¼
è‡ªåˆ†ã®ç›®ã«ã¯ãƒ—ãƒ¬ãƒ¼ãƒ¤ãƒ¼ã¯è¦‹ãˆã‚“ã‘ã©èª°ã‹ãŒå»ºã¦ãŸæ©‹ã‚„ã‚‰ï½±ï½²ï¾ƒï¾‘ã‚’å…±æœ‰ã—ã¦æ–­è£‚ã—ãŸå¤§é™¸ã‚’ç¹‹ãé€²ã‚ã¦è¡Œãã€‚ãªã‚“ã›ã‚¹ãƒˆãƒ¼ãƒªãƒ¼ãŒæ°—ã«ãªã‚Šã™ãã¦ğŸ˜…
RT @AnnieGabstonH: Am I really the only one who feels like screaming?

Tillerson and Kelly told Haley that they believed Trump to be a dangâ€¦
RT @AnnieGabstonH: Am I really the only one who feels like screaming?

Tillerson and Kelly told Haley that they believed Trump to be a dangâ€¦
RT @NSWRFS: The fire danger tomorrow is now expected to be worse than originally forecast. The Illawarra/Shoalhaven is now forecast to expeâ€¦
RT @GEurreb: Il ne faut pas mÃ©sestimer le danger que reprÃ©sente une Police largement acquise Ã  lâ€™extrÃªme-droite. #CoupdEtat 
#Bolivia
RT @MooglePuff: #Sydney very windy and blanketed in smoke at dusk on Monday night ahead of tomorrowâ€™s catastrophic fire danger warnings #NSâ€¦
RT @PamKeithFL: You did this w/the express purpose of putting someoneâ€™s life in danger. You wouldnâ€™t pull the trigger. But you know that soâ€¦
RT @KenneMwikya: Saw a well edited video sent to my mom through WhatsApp this morning. The active disinformation campaign against SRHR andâ€¦
RT @Just_HakunaMata: #MeTooTrans
ÃŠtre coincÃ© Ã  l'Ã©tage "filles" Ã  l'internat alors que je suis Ã  1 an de T
J'ai Ã©tÃ© interpellÃ© plusieurs foâ€¦
Mas tarde tocaremos el nombre de mi amigo, ANUNAKI.
Vayan investigando para que les sea mas facil que los problemas planetarios.
Advertimos del peligro NEURONAL que corren los religiosos, asi que mejor dejen de seguirme, !!!DANGER Â¡Â¡Â¡ https://t.co/lcNLwBzpQm
RT @Axzl__225: Les mÃ¨res qui utilisent leurs enfants pour mendier, jâ€™ai du mal avec Ã§a. Elles sont assises et laissent les enfants aller taâ€¦
RT @NRDC: Alarming research recently revealed that climate change has put almost 400 species of bird on the fast track to extinction. ğŸ¦œ

Thâ€¦
Naruto 2x16 "A Shadow in the Darkness: Danger Approaches Sasuke" â˜…â˜…â˜…â˜…â˜…â˜…â˜†â˜†â˜†â˜† https://t.co/6P120uKJbJ #trakt
@ck_danger ã‹ã£ã“ãˆãˆãƒ¼ï¼ğŸ’•
RT @jahsolar_ct_: *9yr old me*
Me begging me not to forget what my mum just sent me, there's danger of another slap sending me to heaven ğŸ˜­ğŸ˜­â€¦
Ù‡Ù‡Ù‡Ù‡Ù‡Ù‡Ù‡Ù‡Ù‡Ù‡Ù‡Ù‡Ù‡Ù‡Ù‡Ù‡Ù‡Ù‡Ù‡Ù‡Ù‡Ù‡Ù‡Ù‡Ù‡Ù‡Ù‡Ù‡Ù‡Ù‡Ù‡Ù‡Ù‡Ù‡Ù‡Ù‡Ù‡Ù‡Ù‡Ù‡Ù‡Ù‡Ù‡Ù‡Ù‡Ù‡Ù‡Ù‡Ù‡Ù‡Ù‡Ù‡Ù‡Ù‡Ù‡Ù‡Ù‡Ù‡Ù‡Ù‡Ù‡Ù‡Ù‡Ù‡Ù‡Ù‡Ù‡Ù‡Ù‡Ù‡Ù‡Ù‡ https://t.co/l1YTrSjsvb
RT @RealSLokhova: It all happened before: Intel Uses Media To Report Informant's Life In Danger, Turns Out They Are Just Covering Themselveâ€¦
RT @LittleNinjaUK: @Tinagrace16 @steffisutters @Dont_be_idle @idlefreecal @GreeningPutney @helenafmckeown @helen_pic @kyne007 @AirFairy04 @â€¦
RT @RockyMntnMike: Stop putting out competing health care plans, none of which will pass the senate, and set the record straight on the sheâ€¦
Does anyone else ever have days where you just want to listen to albums in full, in order? 
Already listened to today:
AJR- The Click
MCR- Danger Days 
Twin Atlantic- Great Divide 
ğŸ¥°
RT @DelChayet: Des oiseaux migrateurs en danger chassÃ©s en France https://t.co/x9yHDmts5k via @Le_Figaro
@LibertgalitFra2 @MadjidFalastine @NesrineSlaoui Le fait que des religions parlent de lois liberticides est rÃ©voltant pour un athÃ©e. C'est la preuve d'un islamisme politique. Je constate qu'aujourd'hui les athÃ©es doivent se taire et ne pas critiquer les religions (un droit)... sous peine d'Ãªtre en danger (Charlie et d'autres).
RT @RealSLokhova: It all happened before: Intel Uses Media To Report Informant's Life In Danger, Turns Out They Are Just Covering Themselveâ€¦
RT @ECiotti: Allah Akbar entonnÃ© dans une manifestation publique en France, lâ€™islam politique ne se cache plus et sâ€™empare de la rue

Jâ€™appâ€¦
RT @moore_oliver: Talking on a handheld while driving more than triples the risk of crashing. Texting increases the danger six-fold. So whyâ€¦
RT @matilover90: AhÃ­ te mandÃ© otro mensaje porq sentÃ­ que no me ignoraste bien
RT @ringothebaptist: We ALL want a safe, first-world economy.

With the blatant, racist stance taken by the president, the end of the ANC iâ€¦
RT @gchampeau: "Le danger qui guette les Etats providence numÃ©risÃ©s? Quâ€™ils servent les intÃ©rÃªts dâ€™une Ã©lite tandis qu'une sous-classe infoâ€¦
RT @entremusulmane: âœ¨Versets du Coran pouvant aider les gens qui se trouvent dans une de ses situations : 

ColÃ¨re : 3;159
Faiblesse : 4;28â€¦
PTI News (Danger to Nawaz Sharifâ€™s health increasing as time progresses: Marriyum Aurangzeb) has been published on PTI News - https://t.co/sPeQcHeaQm https://t.co/WVTmrqueCc
RT @yuriko_nm: ã‚‚ã…ãã†ã‚„ã£ã¦ã‚·ãƒ£ãƒ²ãƒ«ã®ãƒãƒ¼ãƒˆâ¤ï¸ğŸ”«Dangerã«ã™ã‚‹ã‚“ã ã‹ã‚‰ã€œãšã‚‹ã„(6v6)â¤ï¸
#MAMAVOTE #taemin https://t.co/UiH79HKDRx
RT @Jay_Beecher: No-one 'wants' nuclear weapons to exist, but sadly they are a necessity. Unless the rest of the world (including extreme râ€¦
RT @Shinee_onew_5s: Dangerã®æœ€å¾Œã®ã•ã‚ˆãªã‚‰ã•ã‚ˆãªã‚‰ã•ã‚ˆãªã‚‰ã•ã‚ˆãªã‚‰ã®æ‰€ã§ãŠé¡˜ã„ã ã‹ã‚‰è¡Œã‹ãªã„ã§ğŸ˜­ğŸ˜­ã£ã¦æ€ã£ã¦ãŸã‚‰ãƒ†ãƒŸãƒ³ãã‚“ã®ä¸æ„æ‰“ã¡æŒ‡ãƒãƒ¼ãƒˆ ãã—ã¦ æœ€é«˜ã®ç¬‘é¡” 

#ãƒ†ãƒŸãƒ³ã‚¢ãƒªãƒ¼ãƒŠãƒ„ã‚¢ãƒ¼2019 
#XTM https://t.co/3kJ1EvEOâ€¦
RT @tictoc: "We know the weather forecast for tomorrow is at catastrophic levels."

Premier Gladys Berejiklian has declared a state of emerâ€¦
RT @ReneeHoagenson: #Potus said, â€œWeâ€™re keeping the oil blah blah blah."
"It seems the US military isnâ€™t so keen on that idea, perhaps becaâ€¦
RT @Hamza_277: Black out in Kashmir from more than 100 day's,their lives are in danger.please raise your voice for Kashmir and tweet aboutâ€¦
RT @MichaelAvenatti: .@MZHemingway - You are a disgrace. A total piece of garbage. You have placed someoneâ€™s life in danger in an effort toâ€¦
They Tried to Save the Lives of Immigrants Fleeing Danger. Now Theyâ€™re Facing Prosecution

Scott Warren gazes at the desert stretching from Ajoâ€™s palm-studded town plaza to Mexico. Warren credits this scrubby land of rattlesnakes, tarantulas and cacti wiâ€¦ https://t.co/xsUunph67i
ã‚·ã‚§ã‚¢ãƒãƒ”( à©­ Ë™ê’³â€‹Ë™ )à©­â™¡
Pockyã¯ã„ã¡ã”ãŒï¼‘ç•ªå¥½ãğŸ“â¤

ä½™è£•ã§1äººã§é£Ÿã„ã¤ãã—ãã†ğŸ˜¨ğŸ’§
ç¾å‘³ã—ã™ãã¦æ‰‹ãŒæ­¢ã¾ã‚‰ãªã„ã€ã€ https://t.co/TL8qKZphmM
RT @pleasure4u81: ğŸ‡²ğŸ‡½ğŸ‡ªğŸ‡¸@Abella_Danger aferrandose bien con la puchita a esa vergota negra!
ğŸ‡ºğŸ‡¸ğŸ´ó §ó ¢ó ¥ó ®ó §ó ¿ @Abella_Danger's pussy gripping good aâ€¦
@Ecureuilenrage Avec Augustin, Sofiane et SaÃ¯d on Ã©tait un danger pour le site
RT @acmonta: @BrianKarem @eyeofthegoddess @realDonaldTrump Agreed.
Trump is a clear &amp; present danger to America &amp; Americans.

#ImpeachAndReâ€¦
@Danger_Reol ã“ã‚“ãªã‚„ã¤ã„ãŸã‚‰ptã‚ˆã¹
The danger she can't escape ... The past she can't remember ...The #Vampire who can save her from both. #AlphaMine https://t.co/KDLSuNE5Id
@planetemamanyt Je ne cherche pas Ã  leur faire peur. Je dis ce que je pense de la chaÃ®ne famille la plus problÃ©matique de @youtube car la ligne rouge a Ã©tÃ© franchie Ã  mon avis. En attendant que la loi change et condanne les parents qui mettent en danger leur enfants sur les RS
RT @NSWRFS: The fire danger tomorrow is now expected to be worse than originally forecast. The Illawarra/Shoalhaven is now forecast to expeâ€¦
@geoffwilton2 @bbclaurak he understands the danger of a corbyn government ğŸ‘
ã€æœå®Ÿã€é‡èœã€æµ·è—»ã€ã—ãªã¡ãã€æ°´é“æ°´ã€‘

æ®ºèŒæ–™ã¨ã—ã¦ä½¿ç”¨ã•ã‚Œã‚‹æ¬¡äºœé‰›ç´ é…¸ãƒŠãƒˆãƒªã‚¦ãƒ ã¯ã€å…¨é£Ÿå“æ·»åŠ ç‰©ã®ä¸­ã§æœ€ã‚‚æ€¥æ€§æ¯’æ€§ãŒå¼·ã„ãŒã€åŠ å·¥åŠ©å‰¤ã¨ã„ã†ç†ç”±ã§è¡¨ç¤ºãŒå…é™¤ã•ã‚Œã¦ã„ã‚‹ã€‚æ¬¡äºœé‰›ç´ é…¸ãƒŠãƒˆãƒªã‚¦ãƒ ã‚’å¸¸ç”¨ã™ã‚‹æ´—æ¿¯æ¥­è€…ã«çš®è†šç‚ãŒè¦‹ã‚‰ã‚ŒãŸã®å ±å‘Šã‚‚ https://t.co/Rogd2lxSNt
RT @jennynoise: Remember when everyone was outraged that students had a day off school to protest climate change inaction?  https://t.co/itâ€¦
@Vivelanation5 @marina2_sparks @AnneFarmer65 @Aramisunchained Dâ€™accord. Lâ€™Alsace-Lorraine, la Ruhr, lâ€™empire colonial, toussa. Seuls les demeurÃ©s ou les naÃ¯fs voyaient un danger boche. Apparemment leurs descendants se portent bien. La germanisation du pays des francs, quelle terrible menace. Vite, envoyons la jeunesse au casse-pipe !
RT @lokinhei: I suspect police in Hong Kong think they are movie characters like Rambo or Jacky Chan. Many times police charging into the câ€¦
RT @erinkam: SUPER JUNIOR-D&amp;E [1/3]
The D&amp;E VCR 'BLACK - DANGER' https://t.co/4Ra68pWGRP
@kk_junior05 Tsw
RT @MSNBC: "What the president likes to do, what this White House likes to do, is to be able to attack the messenger... when they donâ€™t knoâ€¦
Man whoâ€™s fixing the roof comes through the kitchen as Iâ€™m wiping up a tea spill, says â€œNothing I love more than to see a woman on her knees cleaning the floor.â€ 

Sir, heights are no longer the greatest danger you will face today.
RT @voteleavedorset: Make no mistake - Labour will be doing all they can to rig this election just as his mates did in Bolivia.  Postal votâ€¦
No

Schools will never be able to provide an excellent education as long as teachers like you continue to exist &amp;  infect our children.

You are a danger to children. There is a lot of unconscious and CONSCIOUS bias against black children in schools 

YOU are part of the problem https://t.co/18v8IgoARU
@NathanWhartonn It's all in all a danger too me I hurt myself every week on it but today is safe to say the worst ğŸ˜£
RT @uibests: If you truly love the person youâ€™r dating or married to, you would never have sex( especially unprotected) with another personâ€¦
RT @dianoetickrisna: Economy is in danger and these shameless JNUtards don't want to pay 300.

How a poor nation like can afford keeping drâ€¦
@hirwaw10 Hahaha byari danger pe
RT @BBCWorld: Australia is enduring a bushfire crisis that's left three people dead, destroyed more than 150 homes, and prompted warnings oâ€¦
RT @veroniquegenest: Le programme est Ã©difiant. Il ne dit pas que la violence n'est pas le bon chemin, il dit juste q'elle doit Ãªtre employâ€¦
RT @ChamblasReveil: Le traitement infligÃ© Ã  Julian Assange en prison met sa vie "en danger", dÃ©nonce le rapporteur de l'ONU sur la tortureâ€¦
RT @imMAK02: â€œI was taken inside a room and tied to a chair. I sensed danger and begged for mercy, but they didnâ€™t listen. Then, one of theâ€¦
RT @PamKeithFL: You did this w/the express purpose of putting someoneâ€™s life in danger. You wouldnâ€™t pull the trigger. But you know that soâ€¦
RT @CapS45: "Brave Sir Nigel ran away
Bravely ran away away
When danger reared its ugly head
He bravely turned his tail and fled..."
RT @veroniquegenest: Le programme est Ã©difiant. Il ne dit pas que la violence n'est pas le bon chemin, il dit juste q'elle doit Ãªtre employâ€¦
RT @LittleNinjaUK: @Tinagrace16 @steffisutters @Dont_be_idle @idlefreecal @GreeningPutney @helenafmckeown @helen_pic @kyne007 @AirFairy04 @â€¦
RT @jennynoise: Remember when everyone was outraged that students had a day off school to protest climate change inaction?  https://t.co/itâ€¦
RT @JohnCleese: " A Warning ", written by a senior official in the Trump Administration, paints a picture of the President as cruel, inept,â€¦
RT @NewcastleJetsFC: Due to the catastrophic fire danger forecast for Tuesday 12 November, Jets HQ will be closed tomorrow along with the eâ€¦
çŠ¯ã—ã¦
RT @NSWRFS: The fire danger tomorrow is now expected to be worse than originally forecast. The Illawarra/Shoalhaven is now forecast to expeâ€¦
RT @PamKeithFL: You did this w/the express purpose of putting someoneâ€™s life in danger. You wouldnâ€™t pull the trigger. But you know that soâ€¦
RT @BBCWorld: Australia is enduring a bushfire crisis that's left three people dead, destroyed more than 150 homes, and prompted warnings oâ€¦
@EliDukart you over there freezing your tits off while iâ€™m over here in a catastrophic fire danger zone.... the parallels are insane
@FightJigoku æ˜æ—¥ã®ãƒ†ã‚¹ãƒˆã¯ä½™è£•ã§ã™ï¼ãªã®ã§é£¯é£Ÿã£ã¦ãšã£ã¨å‹•ç”»è¦‹ã¦å¯ã¾ã™()
we must look ahead for possible danger. Even choices that seem trivial can have far-reaching consequences. But the Lord equips us with a conscience and the Holy Spirit, who sounds an alarm if we veer into dangerous territory.
@ariesvibez @SaddickAdams @ChampionsLeague See fool
#rdc la coalition FCC et Ã‡ach en danger !
RT @C_Kenyon1: @williamnhutton Indeed. Though he omits the all-important Russia element. While Johnson's amorality makes him unfit for offiâ€¦
RT @NRDC: Alarming research recently revealed that climate change has put almost 400 species of bird on the fast track to extinction. ğŸ¦œ

Thâ€¦
RT @AllanJLewis2: Some agents in the FBI see JOE THE ELUSIVE CRIME FIGHTER as a potential asset to solving difficult crimes, others see hisâ€¦
RT @gchampeau: "Le danger qui guette les Etats providence numÃ©risÃ©s? Quâ€™ils servent les intÃ©rÃªts dâ€™une Ã©lite tandis qu'une sous-classe infoâ€¦
RT @sonofedge: Dog: *Barks*
Me: wow. Majestic. Warning me of danger.

Cat: *Meows*
Me: (pointing and laughing) what a loser ğŸ¤™ğŸ˜‚
RT @BBCWorld: Australia is enduring a bushfire crisis that's left three people dead, destroyed more than 150 homes, and prompted warnings oâ€¦
RT @lokinhei: I suspect police in Hong Kong think they are movie characters like Rambo or Jacky Chan. Many times police charging into the câ€¦
It's shocking that some pundits want United demise so much that even when the team is doing well, they still see danger that doesn't exist. Bunch of Clowns and Haters. You guys are going to remain the same in life while Manchester United progress. #MUFC https://t.co/7GgI162hoJ
ã…¤ ã…¤Riou could not help himself to forming a smile. he always knew that Samatoki would love the taste of his food, though the leader and Jyuto ever told him to change the ingredients to the better. though knew the ingredients look so dangerous but it is not as danger as it - https://t.co/QmU3t9vntw
RT @PRincolour: "I urge the British public to help protect historic churches... The winter would be bleak indeed without them."
Author #Bilâ€¦
RT @deathsocks: My friends and family gather around. I thank them for coming. They are attacked by my specially trained flock of killer geeâ€¦
RT @apondi_edith: When is Chebukati resigning? He is a danger to this country.
RT @SaraElisaBERG: ğŸŒºğŸ”¥ Â«...la police m'a toujours aidÃ©e. Le problÃ¨me, ce st les juges qui classent les plaintes ss suite. On a 1arsenal juriâ€¦
RT @Jay_Beecher: No-one 'wants' nuclear weapons to exist, but sadly they are a necessity. Unless the rest of the world (including extreme râ€¦
RT @myworldmysun: Trump-My own personal Vietnam
(about not catching a STD)

The danger of dating,Trump said in 1997,was the possibility ofâ€¦
RT @NSWRFS: The fire danger tomorrow is now expected to be worse than originally forecast. The Illawarra/Shoalhaven is now forecast to expeâ€¦
RT @HRIRacing: A flying start to the season for Fakir Dâ€™oudairies @NavanRacecourse ğŸ’¨

@JosephOBrien2's classy hurdler defeated Melon on hisâ€¦
RT @MichaelAvenatti: .@MZHemingway - You are a disgrace. A total piece of garbage. You have placed someoneâ€™s life in danger in an effort toâ€¦
Preparing my 5.11 Tac Rush 72 Backpack for real w/the â€˜catastrophicâ€™ fire danger rating for the state tomorrow. Itâ€™s got food, water, 1st aid gear &amp; clothes for the kids. Canâ€™t be too careful because we had a fire near home last year - better to be prepared &amp; have it than be on https://t.co/4o0D6tAruQ
RT @stop1984: Paedophile caught in Ellesmere Port told he is 'danger to children' as he is jailed for four years https://t.co/IaXujRITva
RT @Just_HakunaMata: #MeTooTrans
ÃŠtre coincÃ© Ã  l'Ã©tage "filles" Ã  l'internat alors que je suis Ã  1 an de T
J'ai Ã©tÃ© interpellÃ© plusieurs foâ€¦
RT @jennynoise: Remember when everyone was outraged that students had a day off school to protest climate change inaction?  https://t.co/itâ€¦
Counselors are available 24/7 if you or someone you know needs help. If you are in immediate danger please call 911.

24 Hour Crisis Hotline
Domestic Violence: 919-828-7740
Rape/Sexual Assault: 919-828-3005
Solace Center: 919-828-3067
Spanish Crisis Hotline: 844-203-8896
Day 1,022: A Book By â€˜Anonymousâ€™ Describes Trump As A Danger To The Nati... https://t.co/sDtuULNtTo via @YouTube
@Holly08357623 @rebelgirl1776 @Zeekthedogphd @MarkSZaidEsq Lmfao, so you want to literally execute people based on your unfounded Hannity/infowars/fox conspiracy theories. Christian my ass, you people are a danger to society.
RT @SquigglyDigg: pro tip 

don't go attention-seeking in ppl's streams

don't lie about bad things in order to get pity

If you are in reaâ€¦
RT @GuilbeauLaura: @because93 I believe Schiff left WB's name in testimony on purpose. So he could claim WB's life in danger and he can noâ€¦
"Brave Sir Nigel ran away
Bravely ran away away
When danger reared its ugly head
He bravely turned his tail and fled..."
@Conservatives In the event of the UK being in danger of imminent attack, Corbyn would declare his options: 
(A) Make friends with the enemy, listen to their grievances, agree, capitulate.
(B) Negotiate a sensible deal over the invasion, then give in.
Finally hold a Peoples Vote for a decision.
@emmstevens15 Dave laughs in the face of danger! He's a tough guy I'm sure everything will go great dude
RT @rainey_knight: Morriscum Govt Ignores Greg Mullins ,former top firefighter, and 22 emergency services chiefs â€œExperts â€œwhen they askedâ€¦
RT @LittleNinjaUK: @Tinagrace16 @steffisutters @Dont_be_idle @idlefreecal @GreeningPutney @helenafmckeown @helen_pic @kyne007 @AirFairy04 @â€¦
RT @NSWRFS: The fire danger tomorrow is now expected to be worse than originally forecast. The Illawarra/Shoalhaven is now forecast to expeâ€¦
RT @MehreenFaruqi: "The is putting communities in danger by not acting on the climate emergency. The PM remains shamefully silent on the liâ€¦
RT @myworldmysun: Trump-My own personal Vietnam
(about not catching a STD)

The danger of dating,Trump said in 1997,was the possibility ofâ€¦
@Liberal_Isms @nickreeves9876 @OldBobCyprus @LibDems ... takeaway from this is that, although Labour is still working on stamping out antisemitism, it is not the all-consuming concern of the party OR Jewish people as a whole. In addition, we are in danger of ignoring far worse forms of discrimination/abuse that are being... 6/
RT @Aramisunchained: AprÃ¨s la gauche soumise Ã  lâ€™islam, nous avons la gauche laÃ¯ciste qui nous sort la notion de â€œtenaille identitaireâ€ ouâ€¦
RT @jennynoise: Remember when everyone was outraged that students had a day off school to protest climate change inaction?  https://t.co/itâ€¦
RT @tictoc: "We know the weather forecast for tomorrow is at catastrophic levels."

Premier Gladys Berejiklian has declared a state of emerâ€¦
America!!! We need to put a stop to this "UNHINGED" person we call president. He is not capable of making sound decisions and to allow him to continue puts us in Clear and Present Danger. https://t.co/sgbdoieJhy
@rkabushenga @newvisionwire Do you really have to put this on Twitter in the 21century! Did u hire fools! This is the danger of not retiring at a certain age. Govt institutions become personal properties! @TamaleMirundi @KagutaMuseveni @HEBobiwine
RT @MichaelAvenatti: .@MZHemingway - You are a disgrace. A total piece of garbage. You have placed someoneâ€™s life in danger in an effort toâ€¦
RT @AnnieGabstonH: Am I really the only one who feels like screaming?

Tillerson and Kelly told Haley that they believed Trump to be a dangâ€¦
RT @AnikaMolesworth: Unprecedented dryness; reductions in long-term rainfall; low humidity; high temperatures; wind velocities; fire dangerâ€¦
RT @Sardinia666: On a les #Heros que l'on mÃ©rite. 
A gauche, un romancier qui raconte sa vie sur #twitter et pas que. A droite un homme quiâ€¦
RT @dianoetickrisna: Economy is in danger and these shameless JNUtards don't want to pay 300.

How a poor nation like can afford keeping drâ€¦
RT @UInsignifiante: @Angeduciel19 @Office31315 @EmmanuelMacron @AdrienTaquet @Defenseurdroits Je suis dans la mÃªme situation. Mise en dangeâ€¦
RT @veroniquegenest: Le programme est Ã©difiant. Il ne dit pas que la violence n'est pas le bon chemin, il dit juste q'elle doit Ãªtre employâ€¦
RT @ThonyAnon: This week @CNN @MSNBC and all the others @nytimes @washingtonpost will takes gloves off and let everyone know that We the Peâ€¦
@Xero Refresh #Campbelltown #CANCELLED
The @FRNSW have issued a â€œcatastrophicâ€ fire danger rating for greater Sydney tomorrow 12 Nov which includes Campbelltown. To ensure our partners can focus on their safety we have made the decision to CANCEL the event. Please remain vigilant
RT @Robert_Deragon: "En effet, nous sommes tellement racistes et tellement intolÃ©rants que nous reprÃ©sentons un vÃ©ritable danger pour la fÃ©â€¦
Glory charles.: Danger of Drowning.....if you go in the Water........ https://t.co/VcmBgkMtVl
RT @TadamYen: les juges : mettent en danger par leurs dÃ©cisions. Ils ne prennent pas en compte les violences conjugales, ils parlent de conâ€¦
anyway Iâ€™m logging off for the night good luck to everybody living in NSW affected by that catastrophic fire danger rating tomorrow â€” donâ€™t be a hero, get out of there while you still can... itâ€™s not looking pretty
`bbcnews What is "State Security"? is it security of the government from irate citizens? OR security of its citizens from ALL danger?
On a vu le danger des alliances avec des irresponsables dans le passÃ©. les alliances sont une folie qui n'attend qu'une opportunitÃ© pour se manifester. https://t.co/vJ4OtJTtbh
RT @jennynoise: Remember when everyone was outraged that students had a day off school to protest climate change inaction?  https://t.co/itâ€¦
RT @PamKeithFL: You did this w/the express purpose of putting someoneâ€™s life in danger. You wouldnâ€™t pull the trigger. But you know that soâ€¦
RT @asim_karlidag: .@HakimeAyvaz23:
"I urge authorities of Montenegro and European Union, and all human rights activists to stop this unlawâ€¦
RT @AnnieGabstonH: Am I really the only one who feels like screaming?

Tillerson and Kelly told Haley that they believed Trump to be a dangâ€¦
@CakesNandi @ItsLihleBoy You're still not answering my question. What is the innate cause of danger in club culture? Are the women who go to clubs the danger or is it the men who perpetuate the violence?
@WaterDean Thx we are in a pickle jar if Congress doesnâ€™t get rid of this cancer. Heâ€™s the clear &amp; Present Danger to US &amp; the world. https://t.co/RkcmIab4li
RT @RealSLokhova: It all happened before: Intel Uses Media To Report Informant's Life In Danger, Turns Out They Are Just Covering Themselveâ€¦
Broke boi we dropping Danger...
Danger...
Let itğŸ”¥ğŸ”¥ğŸ”¥ğŸ”¥ğŸ”¥ğŸ”¥ğŸ”¥
3 hours Iâ€™ll be dropping
You are more holy than all the Powers of Heaven, More honored than all, you are our foundation, O Theotokos, Mistress of the World. Entreat the Savior to save us from the multitude of stumbling blocks and rescue from danger those who pray to you, as you are the good one.
It is
RT @jennynoise: Remember when everyone was outraged that students had a day off school to protest climate change inaction?  https://t.co/itâ€¦
RT @bairdjulia: We have come to the point where true experts are derided as "radicals" and those with no or little expertise decide to baseâ€¦
@WellHellsBells_ To the extent that those organizations are peeling off the efforts of young people who would otherwise be espousing true, righteous, Logos-filled thought, then these subversive "Conservative Inc" orgs are wolves in sheep's clothing and present a grave danger to American freedom.
@molmccann Schiffâ€™s transcripts released not long ago revealed the name. As far as the person being in danger â€” thatâ€™s already happened when he became the patsy for Schiff. His attorney set him up too. If the â€˜patsyâ€™ is listening to his attorney and Schiff, he will regret it.
@RealDeanCain Do you realize what you've done by claiming this person to be the w/b? Not only did you put a completely innocent person in grave danger, you also shot your cause in the foot by proving that it's impossible to reveal the w/b safely. You're more Brightburn than Superman.
RT @ECiotti: Allah Akbar entonnÃ© dans une manifestation publique en France, lâ€™islam politique ne se cache plus et sâ€™empare de la rue

Jâ€™appâ€¦
RT @GezapBuck: @BenJolly9 https://t.co/MGLCPgQZj0
RT @veroniquegenest: Le programme est Ã©difiant. Il ne dit pas que la violence n'est pas le bon chemin, il dit juste q'elle doit Ãªtre employâ€¦
@DOlusegun Democracy will soon be in danger
@macisaman1 @netz_melb Why is she in our Parliament? Anyone that wants to put our way of life in danger dosent deserve to be in our Parliament.
RT @AP: Australian's most populous state has declared a state of emergency due to unprecedented wildfire danger. https://t.co/hmew58u1MD
The #Ethiopian government and the @FAO have called for urgent actions against deteriorating Desert Locust infestation as it posed a severe danger on Ethiopiaâ€™s agricultural production.

Learn moreğŸ‘‡
https://t.co/R1GzBD6lav https://t.co/7QXS40chmd
@GWijnaldum Goes into battle every time he enters the pitch. No, he doesn't score and assist a bunch of goals every season, but he works tirelessly and is a massive part of why our system works so well. So often removes danger from different situations. Amazing player. 

@LFC
@JasonVaughn @cancel_this_bro @theSopranoist @Kathlee71068501 @brandondarby I'm so glad the guy is going to get out of prison. Definitely not a danger to other people. We should encourage the prison system to release more unrepentant rapists and murderers.
RT @gchampeau: "Le danger qui guette les Etats providence numÃ©risÃ©s? Quâ€™ils servent les intÃ©rÃªts dâ€™une Ã©lite tandis qu'une sous-classe infoâ€¦
à¤–à¤¤à¤°à¥‡ à¤®à¥‡à¤‚ à¤à¤• à¤²à¤¾à¤– à¤œà¤®à¤¾à¤•à¤°à¥à¤¤à¤¾à¤“à¤‚ à¤•à¤¾ à¤«à¤¿à¤•à¥à¤¸à¥à¤¡ à¤¡à¤¿à¤ªà¥‰à¤œà¤¿à¤Ÿ, DHFL à¤ªà¤° à¤—à¤²à¤¤ à¤¤à¤°à¥€à¤•à¥‡ à¤¸à¥‡ à¤«à¤‚à¤¡ à¤¡à¤¾à¤¯à¤µà¤°à¥à¤œà¤¨ à¤•à¤¾ à¤†à¤°à¥‹à¤ª https://t.co/tENwgWQz5E via @jansatta: à¤‡à¤•à¤¬à¤¾à¤² à¤®à¤¿à¤°à¥à¤šà¥€/à¤¦à¤¾à¤Šà¤¦ à¤‡à¤¬à¥à¤°à¤¾à¤¹à¤¿à¤® à¤¸à¥‡ à¤¸à¤‚à¤¬à¤‚à¤§ à¤œà¤¾à¤‚à¤š à¤•à¤° à¤‰à¤œà¤¾à¤—à¤° à¤•à¤°à¤¨à¤¾ à¤­à¥€ à¤®à¤¹à¤¤à¥à¤µà¤ªà¥‚à¤°à¥à¤£ à¤¹à¥ˆà¥¤
RT @PamKeithFL: You did this w/the express purpose of putting someoneâ€™s life in danger. You wouldnâ€™t pull the trigger. But you know that soâ€¦
RT @ECiotti: Allah Akbar entonnÃ© dans une manifestation publique en France, lâ€™islam politique ne se cache plus et sâ€™empare de la rue

Jâ€™appâ€¦
Australia is literally on fire. 

Tomorrows danger rating is â€˜Catastrophicâ€™. God bless our brave firefighters and to everyone involved please be safe ğŸ™ 

#australiafire https://t.co/EKSiyMlV0m
@readyforIuv just stay safe bby if u think there is any danger make sure u go to somewhere u know is safe
RT @cityofsydney: Extreme weather &amp; catastrophic fire danger are forecast by @NSWRFS for Sydney on Tuesday 12 November 2019. We ask Sydneysâ€¦
RT @rachelmetz: Omg my toddler just told me we are going to a fun restaurant called â€œDanger May Comeâ€ and then she fell on the floor fartinâ€¦
RT @MichaelAvenatti: .@MZHemingway - You are a disgrace. A total piece of garbage. You have placed someoneâ€™s life in danger in an effort toâ€¦
RT @SUsurpateur: Voyez @emmanuelmacron la discorde qui rÃ¨gne dans le Pays, on vous la doit ! Pis encore en ayant montÃ© les FranÃ§ais les unsâ€¦
RT @pdxstreetmedic: Fascists beat and choked a woman in NE Portland today during a "flag waving." If we seem dramatic when we talk about thâ€¦
RT @KimQuintero: Thankful for those who serve our country. When many of us run from danger, they run to it! Praying our communities will taâ€¦
RT @maddbrown1: OK for people in the fire danger zones in NSW/Australia here are some resources to hopefully help everyone out this week. Fâ€¦
Somaliassa kaivattaisiin reipasta vÃ¤keÃ¤ maan jÃ¤lleenrakentamiseen
https://t.co/oEW2rPh59A
@KaraboMashilo4 @Ms_LesegoK Remember that prevention is better than cure, we may argue all we want but the fact remains that this type of behaviour of men isn't nice and should be dealt with and again we shouldn't give it strength by doing placing ourselves at the centre of danger
RT @LeighMathys: The danger of an unchallenged myth: The lie that is Rwandan President Paul Kagame - Businessday NG https://t.co/51ZBx3wVQ2
RT @bangtansmix97: I donâ€™t know how many times i need to post it but i wonâ€™t stop until our spit on TOP SOCIAL 50 wonâ€™t be in danger! Pls!!â€¦
RT @jennynoise: Remember when everyone was outraged that students had a day off school to protest climate change inaction?  https://t.co/itâ€¦
Thankful for those who serve our country. When many of us run from danger, they run to it! Praying our communities will take care of them- whether by supporting those w/PTSD, or supporting families of fallen heroes. Thx to this crew from LAFB for hanging w/me Sunday AM! #azfamily https://t.co/nKCfAQVpb6
RT @Almacanter: @StevieBrexit Seems Corbyn's mob have no respect for anyone who disagrees with them. They seems to be full of hate.
These lâ€¦
RT @veroniquegenest: Le programme est Ã©difiant. Il ne dit pas que la violence n'est pas le bon chemin, il dit juste q'elle doit Ãªtre employâ€¦
RT @Bebetodeportivo: @Vanneur @LaGhostquitweet Je suis en scoot et je vois les vÃ©hicules se deporter et lorsque je les double, je vois le câ€¦
RT @allisonpearson: One of the leaders of the Belgian bombings was able to travel to Birmingham unintercepted because of freedom of movemenâ€¦
RT @RealSLokhova: It all happened before: Intel Uses Media To Report Informant's Life In Danger, Turns Out They Are Just Covering Themselveâ€¦
RT @mcspocky: Trump depicted as cruel &amp; inept in anonymous insider account https://t.co/2q6rw3T22q

In A Warning by Anonymous, a writer desâ€¦
Five 'danger to life' flood warnings in UK https://t.co/XAnHk4pdQ8 #News https://t.co/eQQT8822Zi #399
RT @myworldmysun: Trump-My own personal Vietnam
(about not catching a STD)

The danger of dating,Trump said in 1997,was the possibility ofâ€¦
