Political stability, predictable policies &amp; a huge diverse market make India an attractive investment destination.Increasing footprints of global energy companies like @Total, @AdnocGroup, @exxonmobil is a testimony of confidence shown by global investors in the Indian economy. https://t.co/6gxgYmYxcu
Growing presence and interest of global oil and gas majors like @Saudi_Aramco, @AdnocGroup, @BP_plc, @Shell, @Total, @RosneftEN, and @exxonmobil in India is a testimony to the faith and confidence of global investors on India‚Äôs promising growth story. https://t.co/Oq0Zro9ZRs
By 2040 there will be more than 9 billion people on the planet. Watch to see how the energy demands of a growing world population evolve. To learn more about our views on energy, check out the Energy Outlook. https://t.co/GcCuWwtFbz https://t.co/GYLmdg5ZFd
RT @ClimateSciWatch: Today Senator Elizabeth Warren released a proposal addressing climate change denial and disinformation perpetrated by‚Ä¶
RT @jhamby: Microsoft today reminds me of the dilemma that the fossil fuel companies are in. ExxonMobil and BP and the Saudis know that fos‚Ä¶
RT @Lt_Hicks: Wer sich fragt wer alles mit drinsteckt
US-Agentur f√ºr internationale Entwicklung (USAID), eine Tochtergesellschaft des US-Au‚Ä¶
@exxonmobil Een hele, ok volstrekt nutteloze maar toch een hele prestatie van jullie om een gas dat je met een kaarsje moet zoeken af te vangen. Ik had echt verwacht dat jullie wijzer zouden zijn.
Wer sich fragt wer alles mit drinsteckt
US-Agentur f√ºr internationale Entwicklung (USAID), eine Tochtergesellschaft des US-Au√üenministeriums
√ñl-Firmen wie Chevron und ExxonMobil; 
Bechtel, 
die Interamerikanische Entwicklungsbank, 
die Organisation Amerikanischer Staaten -OAS
RT @MathiasB9: Op √©√©n subsidie wordt zeker niet bespaard. 

Ze wordt zelfs maximaal ingevuld, in tegenstelling tot wat de meeste andere EU-‚Ä¶
‚ÄûDespite 40 years of global climate negotiations, with few exceptions, we have generally conducted business as usual and have largely failed to address this predicament‚Äú (partially because ExxonMobil invested Millions in letting us doubt this...üôÑ) https://t.co/uueGVjQHGX
RT @anotheracronym: Twitter's new ban on political ads means that environmental advocacy groups won't be able to buy ads on the platform re‚Ä¶
@climatecosts This whole thing is bull. And New York court just shutdown the ExxonMobil law suet it was all a sham just like this article. Go to China and stop their pollution oh yeah would lock you up if not worse
RT @Victori52921927: @JuliaCarmel__ Not one wall st exec prosecuted by Obama administration, bush/Blair never answered for war crimes, Exxo‚Ä¶
@pltavormina @exxonmobil website, poetry, stories, much political satire &amp; jokes (to laugh to keep from crying these days), paysite but all free of charge to read, feedback welcome. More good ones edited &amp; published soon. Patreon is screwy, pieces not in the order I want. https://t.co/YLKqzp6mUa. TY!
@pltavormina @exxonmobil I tried to DM you but you‚Äôre not on my list. Still learning Twitter, which can be screwy, &amp; some changes lately, not for the better...Sounds like you‚Äôre doing great work; also promoting others‚Äô writing. If you‚Äôre interested, I have 50+ political &amp; environmental articles on my
RT @ClimateSciWatch: Today Senator Elizabeth Warren released a proposal addressing climate change denial and disinformation perpetrated by‚Ä¶
@maxinejoselow A plug for @emorwee's HEATED newsletter, which pointed out last week that @exxonmobil ads probably won't be considered political ads under #TwitterAdBan - and why that's wrong üî•

https://t.co/YbPI4YQQRf
@pltavormina @exxonmobil They won‚Äôt. I‚Äôve read several times Exxon &amp; Rex Tillerson commissioned their scientists as early as between 1971-3 (different reports) to study GHG emissions from oil &amp; ‚Äúnatural‚Äù gas, proved it caused global warming, &amp; spent millions on disinformation.
RT @ADIPECOfficial: Our outstanding panel on digital transformation in Oil and Gas with leaders at @AdnocGroup, @EMR_Automation, @Accenture‚Ä¶
Marilyn Clark https://t.co/QMwiQSrlnP
And now ExxonMobil is 'waging a disinformation war to undermine climate science' (which is really just a cover for de-industrializing the West).
Soooooo... The Rockefellers are fighting...THEMSELVES??? https://t.co/3o7BpMWGg7
The companies said the new agreement is worth up to $60 million

https://t.co/gRmLcZ0hsH  $FCEL https://t.co/PF66jqifaD
RT @dpradhanbjp: Growing presence and interest of global oil and gas majors like @Saudi_Aramco, @AdnocGroup, @BP_plc, @Shell, @Total, @Rosn‚Ä¶
RT @EssoItaliana: I pannelli solari trasformano la luceüåûin elettricit√†. Possono rimanere in servizio per oltre 25 anni ma come proteggerli‚Ä¶
RT @MathiasB9: Op √©√©n subsidie wordt zeker niet bespaard. 

Ze wordt zelfs maximaal ingevuld, in tegenstelling tot wat de meeste andere EU-‚Ä¶
Fuck ExxonMobil
RT @ClimateSciWatch: Today Senator Elizabeth Warren released a proposal addressing climate change denial and disinformation perpetrated by‚Ä¶
RT @ClimateSciWatch: Today Senator Elizabeth Warren released a proposal addressing climate change denial and disinformation perpetrated by‚Ä¶
Then in 1999, Exxon (formerly the Standard Oil Company of New Jersey) and Mobil (formerly the Standard Oil Company of New York) remerge to become ExxonMobil... https://t.co/dXvSV5PIOF
Today Senator Elizabeth Warren released a proposal addressing climate change denial and disinformation perpetrated by oil industry majors such as ExxonMobil, going back decades. 
https://t.co/icY7CFGa4Y
RT @rally4resources: New York Goes Out With A Whimper In Its Case Against ExxonMobil

"Faced with her failure to produce any real evidence‚Ä¶
RT @dpradhanbjp: Growing presence and interest of global oil and gas majors like @Saudi_Aramco, @AdnocGroup, @BP_plc, @Shell, @Total, @Rosn‚Ä¶
ExxonMobil didn't only get revenge on #Venezuela through the #US govt (Tillerson in #Trump-govt) for nationalizing their oil assets. They also got it through the Granger-govt in neighboring Guyana that gave them contracts &amp; competed with V for oil assets.
https://t.co/fumnK097So
RT @NineInchBride: Greatest Scam in History: How #BigEnergy Snookered Us All
https://t.co/ULu1vcUnTc
If only it were just #ExxonMobil. For‚Ä¶
RT @dpradhanbjp: Growing presence and interest of global oil and gas majors like @Saudi_Aramco, @AdnocGroup, @BP_plc, @Shell, @Total, @Rosn‚Ä¶
I ventured into something that I am extremely passionate about; luckily things are starting to turn up very nicely. Today, tomorrow and the next day we will be here at the exxonmobil Houston Campus sharing knowledge‚Ä¶ https://t.co/a4U07rZHA4
RT @fud31: "3 year investigation where they changed from theory to theory...to get ExxonMobil...started w/climate science..Went to stranded‚Ä¶
Intel technologies formed the ‚Äúcushions‚Äù for ExxonMobil‚Äôs ‚Äúcouch‚Äù approach to collaboration, helping power their sprints to business &amp; cultural growth. #IamIntel https://t.co/jeDjnY7Vb2
ExxonMobil says it invested $6.5 billion in Upper Zakum since 2006 https://t.co/XlEW2x3QDA https://t.co/hAZZKTn1U3
RT @maggiethomas315: NEW: In a Warren Administration, it will be illegal for corporations like @exxonmobil to lie to federal agencies. Full‚Ä¶
RT @maggiethomas315: NEW: In a Warren Administration, it will be illegal for corporations like @exxonmobil to lie to federal agencies. Full‚Ä¶
RT @MathiasB9: Op √©√©n subsidie wordt zeker niet bespaard. 

Ze wordt zelfs maximaal ingevuld, in tegenstelling tot wat de meeste andere EU-‚Ä¶
Hey @exxonmobil, please could you stop showing your blurry ad on youtube and replace with something stunning? Thanks üôè
RT @MathiasB9: Op √©√©n subsidie wordt zeker niet bespaard. 

Ze wordt zelfs maximaal ingevuld, in tegenstelling tot wat de meeste andere EU-‚Ä¶
Not extracting oil and gas is one solution to climate change that @exxonmobil @shell @BP_plc @Chevron knew about 30 years ago cc: @AOC @GretaThunberg @ap4ca @EngDeclareAu @DrRobertCare @davidahood43 #ClimateEmergency https://t.co/CceAhKBuOH
Save their home @UN @exxonmobil
@ajplus @Shell @china @AOC
@CNN @FRANCE24 @dwnews

https://t.co/55JrAjIxar
NY State AG, in case originated by Eric #Schneiderman drops charges against $XOM on alleged climate fraud misrepresentations due to lack of proof of harm. Two counts are left under the state's Martin Act.  
 https://t.co/CsMd6WBZOx
RT @exxonmobil: From getting dunked in water to finding a speedy escape, workers undergo rigorous training before even stepping foot on an‚Ä¶
New #Blog: ExxonMobil uses Miniature Science to explain Complex subjects in a simple way! In my blog, I also share a video on how they are doing it. You can see it all at: 

https://t.co/Cz179TcYy4

#advertising #communications #kunalviews
RT @peter_lavoy: 2040 Energy Outlook: Increased energy efficiency and shift to lower carbon energy sources will curb CO2 emissions, but not‚Ä¶
@ExxonMobil_NG Helium is used for cooling MRI machines superconductivity
@NBCNewsBETTER @sunnybonnell @exxonmobil thanks exxon
@exxonmobil #ExxonKnew now bugger off out of my feed üòñ
12 @TPPatriots  @AFPhq @The_JBS @ALEC_states @ALEC_Action @ALECexposed @AFPfoundation @AFPFlorida @AFP @CFandP @consumerpal @IFTtweets @exxonmobil @peabodyenergy @PhRMA @pfizer @ABCBailTruth @K12Learn @GTLNews @VistraEnergy @ATT @UPS @NetChoice @AAHOA @State_Solutions @AltriaNews https://t.co/bWJhJ63rct
RT @rally4resources: New York Goes Out With A Whimper In Its Case Against ExxonMobil

"Faced with her failure to produce any real evidence‚Ä¶
RT @MathiasB9: Op √©√©n subsidie wordt zeker niet bespaard. 

Ze wordt zelfs maximaal ingevuld, in tegenstelling tot wat de meeste andere EU-‚Ä¶
@PietroDPitts En 15 meses hemos firmado 6 contratos costa afuera y 10 en √°reas continentales, despu√©s de 5 a√±os sin firmar contratos de exploraci√≥n y producci√≥n. Costa afuera llegaron las grandes petroleras @exxonmobil @Shell @RepsolWorldwide @ECOPETROL_SA  con USD1.8 billones en inversiones https://t.co/6YtKsrLwkj
RT @exxonmobil: We‚Äôre researching algae biofuel with about 40% of its mass as fat, which can be turned into fuel. The swish is just a nice‚Ä¶
Mich hat das Thema der erh√∂hten Krebsraten in Bothel seit Jahren besch√§ftigt: zun√§chst als Zeitungsredakteur vor Ort, sp√§ter als Mitarbeiter bei ExxonMobil. Nun das Ergebnis: Die Erdgasf√∂rderung ist nicht urs√§chlich f√ºr die Krebsf√§lle. - via @Wuemme_Zeitung https://t.co/3HN2hBpFQw
@exxonmobil @FuelCell_Energy Yum, EXXON has to do something big or pay $B .  I think FCEL will save goliath.
@usatodaytech Why is this sponsored by ExxonMobil? Lol
RT @CEBRIonline: - @ClarissaLins1, Senior Fellow do CEBRI, Presidente do @IBP_BR e S√≥cia Fundadora da Catavento Consultoria 
- Carla Lacerd‚Ä¶
Partnering for efficiency - Energy Factor https://t.co/Dnt9QeZvbM #EnergyFactor
RT @EssoItaliana: I pannelli solari trasformano la luceüåûin elettricit√†. Possono rimanere in servizio per oltre 25 anni ma come proteggerli‚Ä¶
RT @rally4resources: New York Goes Out With A Whimper In Its Case Against ExxonMobil

"Faced with her failure to produce any real evidence‚Ä¶
RT @dpradhanbjp: Growing presence and interest of global oil and gas majors like @Saudi_Aramco, @AdnocGroup, @BP_plc, @Shell, @Total, @Rosn‚Ä¶
RT @J_Farrell: Dear @Jack @Twitter,

You banned political ads (including a/b needed action on climate change), yet EVERYDAY I see these pol‚Ä¶
- @ClarissaLins1, Senior Fellow do CEBRI, Presidente do @IBP_BR e S√≥cia Fundadora da Catavento Consultoria 
- Carla Lacerda, Presidente da @ExxonMobil Brasil 
- Luiz Barroso, CEO da PSR - Energy Consulting and Analytics
RT @MathiasB9: Op √©√©n subsidie wordt zeker niet bespaard. 

Ze wordt zelfs maximaal ingevuld, in tegenstelling tot wat de meeste andere EU-‚Ä¶
RT @exxonmobil: By 2040 there will be more than 9 billion people on the planet. Watch to see how the energy demands of a growing world popu‚Ä¶
Wenn das real wird streuen wir dann Biobenzin in die Boxen ??? https://t.co/DeUSHr47xl
@exxonmobil @Chevron Late as usual, but did they bow out of the orgy? Read ExxonMobil reported it too costly. Too costly, how? Will probably regroup and attempt next year.
Microsoft today reminds me of the dilemma that the fossil fuel companies are in. ExxonMobil and BP and the Saudis know that fossil fuels aren't going to provide the energy for the next century, but they have a lot of money and power providing the energy (software stack) of today.
RT @MathiasB9: Op √©√©n subsidie wordt zeker niet bespaard. 

Ze wordt zelfs maximaal ingevuld, in tegenstelling tot wat de meeste andere EU-‚Ä¶
RT @rally4resources: New York Goes Out With A Whimper In Its Case Against ExxonMobil

"Faced with her failure to produce any real evidence‚Ä¶
RT @khaleejtimes: ExxonMobil says it invested $6.5 billion in Upper Zakum since 2006 https://t.co/FwoydzyMAO
Oil giants @ExxonMobil @Chevron are joining a massive oil rights auction in Brazil during the largest oil spill in Brazilian history. Stop destroying our communities and climate - quit this auction now #marsempetr√≥leo #leil√£of√≥lssiln√£o
@FaintedKeira @ExxonMobil_EU lol
RT @ExxonMobil_EU: #QUIZ What‚Äôs the typical working life expectancy of #SolarPanels made with ExxonMobil‚Äôs special baked resin formulation?‚Ä¶
RT @FaintedKeira: @ExxonMobil_EU I would trap kill this bot
RT @dpradhanbjp: Growing presence and interest of global oil and gas majors like @Saudi_Aramco, @AdnocGroup, @BP_plc, @Shell, @Total, @Rosn‚Ä¶
ExxonMobil says it invested $6.5 billion in Upper Zakum since 2006 https://t.co/FwoydzyMAO
Mientras tanto, ExxonMobil sigue patrocinando (desde hace m√°s de 10 a√±os) sus algas que van a producir biocombustibles en alg√∫n futuro...
@rolandscahill #MTP ad dollars will go farther once viewers don't hate the host: 
@ANGAus 
@Audi
@BP_Press
@BoeingAirplanes
@chevrolet
@Chevron
@Dell
@DowNewsroom
@exxonmobil
@Fidelity
@HP
@IBM
@INFINITIUSA
@Koch_Industries
@Lexus
@LibertyMutual
@McDonalds
@NissanNews
@NorthernTrust
@USPSHelp
RT @OIL_MEN: (2/3) indice parmi d'autres de cet √©tat de fait, la production de shale oil d'Exxon ne semble pas progresser, et les profits s‚Ä¶
RT @MathiasB9: Op √©√©n subsidie wordt zeker niet bespaard. 

Ze wordt zelfs maximaal ingevuld, in tegenstelling tot wat de meeste andere EU-‚Ä¶
RT @rybo62: For people who are invested in the future of movies as an artistic medium, watching people celebrate Disney+ is like watching a‚Ä¶
RT @MathiasB9: Op √©√©n subsidie wordt zeker niet bespaard. 

Ze wordt zelfs maximaal ingevuld, in tegenstelling tot wat de meeste andere EU-‚Ä¶
RT @2020Upstream: 18 most evil corporations in the world:
 
Monsanto
Apple
Nestle
Philip Morris
McDonald's
Goldman Sachs
JPMorgan Chase
Exx‚Ä¶
Did ExxonMobil mislead Investors about climate risks? The decision is now up to a judge https://t.co/FBWJzNdQw5 @EnviroPolitics #enviropolitics #investors #climaterisk #oilandgas #NewYorkState #securitieslaw https://t.co/FasT2gvihs
RT @OIL_MEN: (2/3) indice parmi d'autres de cet √©tat de fait, la production de shale oil d'Exxon ne semble pas progresser, et les profits s‚Ä¶
@TysonBrand If my company contaminated more water beyond human consumption that Cargill and ExxonMobil combined I'd feel slightly guilty...
Proud to be sharing knowledge and participating with our local exxonmobil Houston campus to promote our Food-waste/compostable pick-up service. #zerowaste #zerowastevegan #exxonmobilhouston #exxonmobilehoustoncampus‚Ä¶ https://t.co/zJfr6xhktz
RT @rally4resources: New York Goes Out With A Whimper In Its Case Against ExxonMobil

"Faced with her failure to produce any real evidence‚Ä¶
Oil giants @ExxonMobil @Chevron are joining a massive oil rights auction in Brazil during the largest oil spill in Brazilian history. Stop destroying our communities and climate - quit this auction now #marsempetr√≥leo #leil√£of√≥lssiln√£o 
#CleanEnergy
@Heggisist @Iceblue52Roth @RamTrucks @lisamurkowski @SenDanSullivan @SenateGOP @SenateDems @HouseDemocrats @HouseGOP @AKHouseMajority @AKSenateDems @AKSenMajority @AKHouseRepubs @exxonmobil $33K is the cost of an entirely New Leaf. Where did you get that cost estimate? It is more like $8,000 right now, depending on what battery capacity replacement u r talking about
@exxonmobil Because you have such a stellar reputation as a corporate citizen. https://t.co/GLencaW2Wx
Oil giants @ExxonMobil @Chevron are joining a massive oil rights auction in Brazil during the largest oil spill in Brazilian history. Stop destroying our communities and climate - quit this auction now #marsempetr√≥leo #leil√£of√≥lssiln√£o
RT @J_Farrell: Dear @Jack @Twitter,

You banned political ads (including a/b needed action on climate change), yet EVERYDAY I see these pol‚Ä¶
ExxonMobil, petrokimya projesi i√ßin √áin h√ºk√ºmetinden onay aldƒ±
https://t.co/y23o8iGYFy
#plastik #plastikhaberleri #ExxonMobil #ChemOrbis
@exxonmobil_sg @SpaceX @elonmusk
RT @BleacherReport: LSU spun out of Alabama‚Äôs grasp to take home the W üå™

From B/R X @exxonmobil https://t.co/u6fnFfeQGV
ExxonMobil engages IBM iX to design an industry-first app for transforming customer experience at the gas pump. https://t.co/aP7xxkqubr
RT @TheEICEnergy: Latest industry news - @exxonmobil awards third #Guyana #FPSO contract to #SBMOffshore: https://t.co/baN8GFvmdZ https://t‚Ä¶
Join us in Conference Hall A where @Adnocgroup‚Äôs Abdul Nasser Al Mughairbi will lead discussion with @exxonmobil, @omv, Schlumberger, @bakerhughesco and INPEX on how to best implement 4.0 across the whole value chain. 

#ADIPEC2019 #JoinTheConversation #Oilandgas #digitisation https://t.co/FoMWcECKTJ
@exxonmobil @exxonmobil would be ashamed but instead they keep on trying to shove more lies and #FUD. #exxonknew https://t.co/8oa5lYqegw
RT @ExxonMobil_GER: Christian Spangenberg ist Gesch√§ftsf√ºhrer der #Esso Vertriebsgesellschaft. Er zeigt sich sehr erfreut √ºber unsere neue‚Ä¶
RT @ockhams: Deze voormalige EXXONMOBIL man was de beste keuze om #IPCC voorzitter te worden. Je kan dat toch allemaal niet bedenken zoiets‚Ä¶
Christian Spangenberg ist Gesch√§ftsf√ºhrer der #Esso Vertriebsgesellschaft. Er zeigt sich sehr erfreut √ºber unsere neue Logistik-Partnerschaft mit #TanQuid. Mehr Infos: https://t.co/MRoOqktVg0 https://t.co/fsvQsdstpf
RT @exxonmobil: ExxonMobil provides a cleaner-burning natural gas that can power everything from homes to industries while helping Delhi re‚Ä¶
@ExxonMobil_NG False.
@ExxonMobil_NG Not even water
RT @BleacherReport: LSU spun out of Alabama‚Äôs grasp to take home the W üå™

From B/R X @exxonmobil https://t.co/u6fnFfeQGV
RT @BleacherReport: LSU spun out of Alabama‚Äôs grasp to take home the W üå™

From B/R X @exxonmobil https://t.co/u6fnFfeQGV
RT @PerfoBlogger: Adjudican contratos para la tercera FPSO de ExxonMobil en #Guyana Esequiba &lt;&lt; Click en el enlace para leer m√°s&gt;&gt; https://‚Ä¶
@exxonmobil @Twitter For those still unaware (I guess many because well twitter can easily suppress this): https://t.co/2Er9PXBBBB
@Thegoodishlife1 @JesseJenkins @Twitter @exxonmobil @ASA_UK Good point. For (BE) and other EU (;_; #Brexit) complaints can be submitted here:
https://t.co/8bUmNIMeCJ
RT @BleacherReport: LSU spun out of Alabama‚Äôs grasp to take home the W üå™

From B/R X @exxonmobil https://t.co/u6fnFfeQGV
RT @ockhams: Deze voormalige EXXONMOBIL man was de beste keuze om #IPCC voorzitter te worden. Je kan dat toch allemaal niet bedenken zoiets‚Ä¶
It's a pitty that European Advertising Standards Alliances isn't on twitter with #ExxonKnew. You can report @exxonmobil here (BE) for their malicious advertising on @twitter https://t.co/rStH8BIP5B
RT @BleacherReport: LSU spun out of Alabama‚Äôs grasp to take home the W üå™

From B/R X @exxonmobil https://t.co/u6fnFfeQGV
RT @eljefe66: While New Twitter Policy Will Ban Green Groups' Climate Ads, Looks Like ExxonMobil Can Still Pay to Promote Its Propaganda -‚Ä¶
RT @safer_jared: @jimmy_dore @Twitter @exxonmobil @businessinsider https://t.co/JshIjUP39o
RT @Lyons_TsaiH: @Krytan_Herald @exxonmobil @Twitter I have to concur, @Twitter @TwitterSupport I know ya'll got bills to pay &amp; you care ab‚Ä¶
Latest industry news - @exxonmobil awards third #Guyana #FPSO contract to #SBMOffshore: https://t.co/baN8GFvmdZ https://t.co/azwaj1nVul
RT @EkpereNwankwo: @StateDept @IBennyali @SecPompeo It's happening in #Nigeria. Forget your American interests @Chevron &amp; @exxonmobil in Ni‚Ä¶
Deze voormalige EXXONMOBIL man was de beste keuze om #IPCC voorzitter te worden. Je kan dat toch allemaal niet bedenken zoiets. https://t.co/3WgUCl7Am6
RT @BleacherReport: LSU spun out of Alabama‚Äôs grasp to take home the W üå™

From B/R X @exxonmobil https://t.co/u6fnFfeQGV
@StateDept @IBennyali @SecPompeo It's happening in #Nigeria. Forget your American interests @Chevron &amp; @exxonmobil in Nigeria! Defend democracy .. Save #Biafra from #JihadicGenocide of #ISISNigeria! Save #BiafranLives! Support #BiafraExit! #BiafraIsHere! #IPOB
RT @BleacherReport: LSU spun out of Alabama‚Äôs grasp to take home the W üå™

From B/R X @exxonmobil https://t.co/u6fnFfeQGV
RT @BleacherReport: LSU spun out of Alabama‚Äôs grasp to take home the W üå™

From B/R X @exxonmobil https://t.co/u6fnFfeQGV
RT @BleacherReport: LSU spun out of Alabama‚Äôs grasp to take home the W üå™

From B/R X @exxonmobil https://t.co/u6fnFfeQGV
RT @BleacherReport: LSU spun out of Alabama‚Äôs grasp to take home the W üå™

From B/R X @exxonmobil https://t.co/u6fnFfeQGV
RT @BleacherReport: LSU spun out of Alabama‚Äôs grasp to take home the W üå™

From B/R X @exxonmobil https://t.co/u6fnFfeQGV
$XOM's 10-day Moving Average crossed above its 50-day Moving Average on November 7, 2019. View odds for this and other indicators: https://t.co/SGwkB2lutm #ExxonMobil #stockmarket #stock #technicalanalysis #money #trading #investing #daytrading #news #today https://t.co/wnwKwV0zFc
We‚Äôre excited to have just signed a new agreement with @FuelCell_Energy to further enhance carbonate #FuelCell technology. This will help capture even more CO2 from industrial facilities. Read more here: https://t.co/KKop4trf0s #CCS https://t.co/23UtD7dR0G
Es geht um viel Geld. #ExxonMobil ist in zwei US-Staaten angeklagt seine Anleger betrogen zu haben, da der Energiekonzern √ºber die Folgen des #Klimawandel|s und ihren Einfluss schon fr√ºh sehr genau Bescheid wusste. https://t.co/NyW28siFkr
@exxonmobil The posts on here!!. Who‚Äôs view is correct. What is the truth.  Why are people arguing about the science. No argument if the science is correct. This tells me we are being fed a lot of bullshit about climate change by ‚Äúexperts‚Äù, otherwise the experts on here would all agree.
RT @BleacherReport: LSU spun out of Alabama‚Äôs grasp to take home the W üå™

From B/R X @exxonmobil https://t.co/u6fnFfeQGV
RT @BleacherReport: LSU spun out of Alabama‚Äôs grasp to take home the W üå™

From B/R X @exxonmobil https://t.co/u6fnFfeQGV
@Heggisist @TheMicster @Iceblue52Roth @RamTrucks @lisamurkowski @SenDanSullivan @SenateGOP @SenateDems @HouseDemocrats @HouseGOP @AKHouseMajority @AKSenateDems @AKSenMajority @AKHouseRepubs @exxonmobil Petrol v/s Diesel is a dated debate, you should visit New Delhi sometime and then decide if want an EV or an ICE engine for your grandkids. Either way, EVs are here to stay.

https://t.co/hrRUcG06NT
RT @BleacherReport: LSU spun out of Alabama‚Äôs grasp to take home the W üå™

From B/R X @exxonmobil https://t.co/u6fnFfeQGV
RT @BleacherReport: LSU spun out of Alabama‚Äôs grasp to take home the W üå™

From B/R X @exxonmobil https://t.co/u6fnFfeQGV
@CognitiveVerb @MRobertsQLD @BradCatalyst @BOM_au @exxonmobil Here is some facts about the 11,000 scientist, professor Mickey Mouse runs the show !
https://t.co/vXzz9op6lT
@Heggisist @TheMicster @Iceblue52Roth @RamTrucks @lisamurkowski @SenDanSullivan @SenateGOP @SenateDems @HouseDemocrats @HouseGOP @AKHouseMajority @AKSenateDems @AKSenMajority @AKHouseRepubs @exxonmobil I think I clarified in the beginning that for now Diesel should only be used for heavy transportation trucks/Machinery. Majority of the cars (Sedans, SUV‚Äôs, and Pickups) can easily be replaced to EVs. Checkout Rivian.

https://t.co/JRdRXyGNRR
RT @CarolVernon7: @JRHorsting @WordswithSteph Tillerson, CEO of @ExxonMobil, was made Sec of State so that he could work to lift sanctions‚Ä¶
RT @BleacherReport: LSU spun out of Alabama‚Äôs grasp to take home the W üå™

From B/R X @exxonmobil https://t.co/u6fnFfeQGV
Have you heard the news? @SpaceX's #Starlink project aims to beam cheap, high-speed internet to users all across the world. The project involves circling the planet with thousands of #satellites to create the ultimate global #network. Learn more: https://t.co/qrE7a1c46T https://t.co/cLOF6F6NO2
RT @CognitiveVerb: @MRobertsQLD @BradCatalyst Scientists produced climate models that predicted increased intensity of floods, droughts, cy‚Ä¶
RT @BleacherReport: LSU spun out of Alabama‚Äôs grasp to take home the W üå™

From B/R X @exxonmobil https://t.co/u6fnFfeQGV
RT @BleacherReport: LSU spun out of Alabama‚Äôs grasp to take home the W üå™

From B/R X @exxonmobil https://t.co/u6fnFfeQGV
RT @BleacherReport: LSU spun out of Alabama‚Äôs grasp to take home the W üå™

From B/R X @exxonmobil https://t.co/u6fnFfeQGV
RT @BleacherReport: LSU spun out of Alabama‚Äôs grasp to take home the W üå™

From B/R X @exxonmobil https://t.co/u6fnFfeQGV
RT @BleacherReport: LSU spun out of Alabama‚Äôs grasp to take home the W üå™

From B/R X @exxonmobil https://t.co/u6fnFfeQGV
RT @OilPeopleContac: ExxonMobil Awards Guyana FPSO Contract https://t.co/KVLhyh66Fl
RT @BleacherReport: LSU spun out of Alabama‚Äôs grasp to take home the W üå™

From B/R X @exxonmobil https://t.co/u6fnFfeQGV
RT @BleacherReport: LSU spun out of Alabama‚Äôs grasp to take home the W üå™

From B/R X @exxonmobil https://t.co/u6fnFfeQGV
@BleacherReport @exxonmobil edit went sicko mode!! Thanks big oil!!
RT @BleacherReport: LSU spun out of Alabama‚Äôs grasp to take home the W üå™

From B/R X @exxonmobil https://t.co/u6fnFfeQGV
RT @BleacherReport: LSU spun out of Alabama‚Äôs grasp to take home the W üå™

From B/R X @exxonmobil https://t.co/u6fnFfeQGV
RT @UvKLvr47: Massachusetts Sues ExxonMobil For Climate Disinformation, Greenwashing  https://t.co/KYRbhBg8qT
RT @BleacherReport: LSU spun out of Alabama‚Äôs grasp to take home the W üå™

From B/R X @exxonmobil https://t.co/u6fnFfeQGV
RT @BleacherReport: LSU spun out of Alabama‚Äôs grasp to take home the W üå™

From B/R X @exxonmobil https://t.co/u6fnFfeQGV
RT @UvKLvr47: Massachusetts Sues ExxonMobil For Climate Disinformation, Greenwashing  https://t.co/KYRbhBg8qT
@exxonmobil Goed maar niet te veul over lullen. Het is jullie plicht
RT @BleacherReport: LSU spun out of Alabama‚Äôs grasp to take home the W üå™

From B/R X @exxonmobil https://t.co/u6fnFfeQGV
RT @BleacherReport: LSU spun out of Alabama‚Äôs grasp to take home the W üå™

From B/R X @exxonmobil https://t.co/u6fnFfeQGV
@Beerman411Dean Dean I suspect you‚Äôre right on @exxonmobil doing that but I‚Äôm still seeing other companies which are #BigOil putting #biofuels into the global market

We have a company in Australia doing that now at 100,000 litres per annum &amp; in 2020 will produce about 1,000,000 L/yr https://t.co/nazQVsSJYK
‚Ä¢OMSL Warns FG Against Fresh Judgment Debt‚Ä¢Lawmakers Mull New Law To Boost Governance‚Ä¢No Crack in House of Reps -Spokesman
*FG Reiterates Commitment To Strengthening MSMEs
*Lagos-Abeokuta Road Work‚Äôll Resume After Rains ‚ÄìFG
*Concerns Mount Over ExxonMobil‚Äôs Dipping Oil Output
RT @BleacherReport: LSU spun out of Alabama‚Äôs grasp to take home the W üå™

From B/R X @exxonmobil https://t.co/u6fnFfeQGV
RT @BleacherReport: LSU spun out of Alabama‚Äôs grasp to take home the W üå™

From B/R X @exxonmobil https://t.co/u6fnFfeQGV
@Revkin Exxon is all on-board with climate change now. Any advertising money they spend on Twitter will be to tell everyone how they are working to fix it.

Narrative-wise though, they are much more useful as a bogeyman than an ally so those ads will be ignored.

https://t.co/qVSSYxui9L
RT @BleacherReport: LSU spun out of Alabama‚Äôs grasp to take home the W üå™

From B/R X @exxonmobil https://t.co/u6fnFfeQGV
RT @BleacherReport: LSU spun out of Alabama‚Äôs grasp to take home the W üå™

From B/R X @exxonmobil https://t.co/u6fnFfeQGV
RT @FelixScriptor: @GottaBernNow @DEMS_R_GOP Fuck that shit. @exxonmobil needs to get taken out to the woodshed. https://t.co/STydjfPcF7
@INCIndia #SaveBPCL @PMOIndia @nsitharaman @AmitShah @RahulGandhi @PawarSpeaks @AjitPawarSpeaks @Aramco @Shell @exxonmobil @Chevron @reliancegroup @reliancejio @RosneftEN #PrideOfIndia #Maharatna #WeOpposeDisinvestment https://t.co/e5x8vydztC
@exxonmobil Look look, look, wow, those who got the planet into this mess are now *check advert text*, ohhh, 'researching' how to fix their FOOBAR.

These targeted ads are typical of a company who has no humanity and prioritises profit, subsidies and bank loans over true change.
RT @Notes_n_Hopes: @WashTimes @NikkiHaley @realDonaldTrump from what seems to have happened  afterwards, Rex Tillerson left a mess at @exxo‚Ä¶
RT @BleacherReport: LSU spun out of Alabama‚Äôs grasp to take home the W üå™

From B/R X @exxonmobil https://t.co/u6fnFfeQGV
RT @BleacherReport: LSU spun out of Alabama‚Äôs grasp to take home the W üå™

From B/R X @exxonmobil https://t.co/u6fnFfeQGV
RT @BleacherReport: LSU spun out of Alabama‚Äôs grasp to take home the W üå™

From B/R X @exxonmobil https://t.co/u6fnFfeQGV
RT @BleacherReport: LSU spun out of Alabama‚Äôs grasp to take home the W üå™

From B/R X @exxonmobil https://t.co/u6fnFfeQGV
@KlarissaLa @SmutCollecter @spicysocialista @BenjaminNorton @MaxBlumenthal Well, all those people have gobs of untouched natural resources that they stubbornly want to use to improve the lives of their own people, rather than digging it up and offering it to ExxonMobil and Tesla for free.

Now they all desperately need democracy.  Just ask Libya!
@XR_HOUSTON @aquino1_neil That building is empty. ExxonMobil vacated it and moved to their new Woodlands campus some three years ago.
RT @BleacherReport: LSU spun out of Alabama‚Äôs grasp to take home the W üå™

From B/R X @exxonmobil https://t.co/u6fnFfeQGV
RT @WWEDanielBryan: ‚ÄúWe believe climate change is a serious issue and it is going to take efforts by business, governments and consumers to‚Ä¶
RT @BleacherReport: LSU spun out of Alabama‚Äôs grasp to take home the W üå™

From B/R X @exxonmobil https://t.co/u6fnFfeQGV
Applications are open for Kumul Petroleum Academy‚Äôs 12-month competency‚Äêbased training ‚ÄòJob-Ready Technicians‚Äô Scholarship Program. EMPNG is sponsoring 16 positions and encourages suitable candidates to apply: https://t.co/0FoZQdFXcA. #PNGpartnership https://t.co/GzQvqjuvjO
RT @BleacherReport: LSU spun out of Alabama‚Äôs grasp to take home the W üå™

From B/R X @exxonmobil https://t.co/u6fnFfeQGV
RT @BleacherReport: LSU spun out of Alabama‚Äôs grasp to take home the W üå™

From B/R X @exxonmobil https://t.co/u6fnFfeQGV
RT @Brain_Bank: Exxon Mobil Conquering new frontiers together with SBM Offshore
:
#NauticusLive #Guyana #SBMOffshore #ExxonMobil #Netherlan‚Ä¶
RT @BleacherReport: LSU spun out of Alabama‚Äôs grasp to take home the W üå™

From B/R X @exxonmobil https://t.co/u6fnFfeQGV
RT @BleacherReport: LSU spun out of Alabama‚Äôs grasp to take home the W üå™

From B/R X @exxonmobil https://t.co/u6fnFfeQGV
RT @BleacherReport: LSU spun out of Alabama‚Äôs grasp to take home the W üå™

From B/R X @exxonmobil https://t.co/u6fnFfeQGV
RT @BleacherReport: LSU spun out of Alabama‚Äôs grasp to take home the W üå™

From B/R X @exxonmobil https://t.co/u6fnFfeQGV
RT @BleacherReport: LSU spun out of Alabama‚Äôs grasp to take home the W üå™

From B/R X @exxonmobil https://t.co/u6fnFfeQGV
RT @ZakiyaMedia: Has nature/climate twitter heard of Guyana? Not Ghana in Africa, I mean the Amazon-holding, English-speaking South America‚Ä¶
RT @BleacherReport: LSU spun out of Alabama‚Äôs grasp to take home the W üå™

From B/R X @exxonmobil https://t.co/u6fnFfeQGV
RT @BleacherReport: LSU spun out of Alabama‚Äôs grasp to take home the W üå™

From B/R X @exxonmobil https://t.co/u6fnFfeQGV
RT @exxonmobil: The global population is projected to grow from 7.5 billion to 9.2 billion by 2040. How will this affect energy demand? Fin‚Ä¶
RT @BleacherReport: LSU spun out of Alabama‚Äôs grasp to take home the W üå™

From B/R X @exxonmobil https://t.co/u6fnFfeQGV
RT @BleacherReport: LSU spun out of Alabama‚Äôs grasp to take home the W üå™

From B/R X @exxonmobil https://t.co/u6fnFfeQGV
RT @BleacherReport: LSU spun out of Alabama‚Äôs grasp to take home the W üå™

From B/R X @exxonmobil https://t.co/u6fnFfeQGV
@ClimateCritic18 @CognitiveVerb @MRobertsQLD @BradCatalyst @BOM_au @exxonmobil Okay.
So far all predictions in the scientific literature have come true.
Here is a list:
https://t.co/ITFajuLNUP
RT @BleacherReport: LSU spun out of Alabama‚Äôs grasp to take home the W üå™

From B/R X @exxonmobil https://t.co/u6fnFfeQGV
RT @intizarhaber: Trump, ABD askerlerinin ‚Äúpetrol√º almak‚Äù i√ßin Suriye'de kalacaƒüƒ± ve petrol√º √ßƒ±karmak i√ßin ExxonMobil ile anla≈üma yapmayƒ± d‚Ä¶
‡∏î‡∏£. ‡∏≠‡∏î‡∏¥‡∏®‡∏±‡∏Å‡∏î‡∏¥‡πå ‡πÅ‡∏à‡πâ‡∏á‡∏Å‡∏°‡∏•‡∏Å‡∏∏‡∏•‡∏ä‡∏±‡∏¢ ‡∏ï‡∏±‡∏ß‡πÅ‡∏ó‡∏ô‡∏ù‡πà‡∏≤‡∏¢‡∏ö‡∏£‡∏¥‡∏´‡∏≤‡∏£ ‡∏ö‡∏£‡∏¥‡∏©‡∏±‡∏ó ‡πÄ‡∏≠‡∏™‡πÇ‡∏ã‡πà‡∏Ø ‡πÅ‡∏•‡∏∞‡∏ö‡∏£‡∏¥‡∏©‡∏±‡∏ó‡πÉ‡∏ô‡πÄ‡∏Ñ‡∏£‡∏∑‡∏≠‡πÄ‡∏≠‡πá‡∏Å‡∏ã‡∏≠‡∏ô‡πÇ‡∏°‡∏ö‡∏¥‡∏•‡πÉ‡∏ô‡∏õ‡∏£‡∏∞‡πÄ‡∏ó‡∏®‡πÑ‡∏ó‡∏¢ ‡∏£‡πà‡∏ß‡∏°‡∏Å‡∏±‡∏ö‡πÄ‡∏ó‡∏®‡∏ö‡∏≤‡∏•‡∏ô‡∏Ñ‡∏£‡πÅ‡∏´‡∏•‡∏°‡∏â‡∏ö‡∏±‡∏á ‡πÅ‡∏ñ‡∏•‡∏á‡∏Ç‡πà‡∏≤‡∏ß‡∏Å‡∏≤‡∏£‡∏à‡∏±‡∏î‡∏á‡∏≤‡∏ô "‡∏°‡∏´‡∏Å‡∏£‡∏£‡∏°‡∏™‡∏∏‡∏Ç‡∏†‡∏≤‡∏û‡∏ô‡∏Ñ‡∏£‡πÅ‡∏´‡∏•‡∏°‡∏â‡∏ö‡∏±‡∏á" https://t.co/K22Ka0SrPZ
RT @BleacherReport: LSU spun out of Alabama‚Äôs grasp to take home the W üå™

From B/R X @exxonmobil https://t.co/u6fnFfeQGV
@NynaNordin terbaik laa exxonmobil kau punya..founder baru üòÇüòÇüòÇüòÇ
@exxonmobil Sehr gut. Gebt diesem faktenbefreitem E-Mobilit√§t Hype den Rest.
@Heggisist @sensarpensar @Iceblue52Roth @TheMicster @RamTrucks @lisamurkowski @SenDanSullivan @SenateGOP @SenateDems @HouseDemocrats @HouseGOP @AKHouseMajority @AKSenateDems @AKSenMajority @AKHouseRepubs @exxonmobil You, sir, have officially been blocked for spamming my notifications.
RT @BleacherReport: LSU spun out of Alabama‚Äôs grasp to take home the W üå™

From B/R X @exxonmobil https://t.co/u6fnFfeQGV
RT @BleacherReport: LSU spun out of Alabama‚Äôs grasp to take home the W üå™

From B/R X @exxonmobil https://t.co/u6fnFfeQGV
RT @BleacherReport: LSU spun out of Alabama‚Äôs grasp to take home the W üå™

From B/R X @exxonmobil https://t.co/u6fnFfeQGV
@BleacherReport @exxonmobil https://t.co/B5jHWQ4qcA
RT @BleacherReport: LSU spun out of Alabama‚Äôs grasp to take home the W üå™

From B/R X @exxonmobil https://t.co/u6fnFfeQGV
@Jeannie70264082 @NightlyPolitics Tobacco companies, big pharm or ExxonMobil as a climate denier would work too.
RT @ZakiyaMedia: Has nature/climate twitter heard of Guyana? Not Ghana in Africa, I mean the Amazon-holding, English-speaking South America‚Ä¶
RT @BleacherReport: LSU spun out of Alabama‚Äôs grasp to take home the W üå™

From B/R X @exxonmobil https://t.co/u6fnFfeQGV
RT @BleacherReport: LSU spun out of Alabama‚Äôs grasp to take home the W üå™

From B/R X @exxonmobil https://t.co/u6fnFfeQGV
RT @BleacherReport: LSU spun out of Alabama‚Äôs grasp to take home the W üå™

From B/R X @exxonmobil https://t.co/u6fnFfeQGV
RT @BleacherReport: LSU spun out of Alabama‚Äôs grasp to take home the W üå™

From B/R X @exxonmobil https://t.co/u6fnFfeQGV
RT @BleacherReport: LSU spun out of Alabama‚Äôs grasp to take home the W üå™

From B/R X @exxonmobil https://t.co/u6fnFfeQGV
Oil giants @ExxonMobil @Chevron are joining a massive oil rights auction in Brazil during the largest oil spill in Brazilian history. Stop destroying our communities and climate - quit this auction now #marsempetr√≥leo #leil√£of√≥lssiln√£o
RT @espn: The odds have never been in favor of Casey O‚ÄôBrien, a four-time cancer survivor. That hasn't stopped him from pursuing a dream to‚Ä¶
RT @BleacherReport: LSU spun out of Alabama‚Äôs grasp to take home the W üå™

From B/R X @exxonmobil https://t.co/u6fnFfeQGV
RT @exxonmobil: ExxonMobil provides a cleaner-burning natural gas that can power everything from homes to industries while helping Delhi re‚Ä¶
RT @BleacherReport: LSU spun out of Alabama‚Äôs grasp to take home the W üå™

From B/R X @exxonmobil https://t.co/u6fnFfeQGV
Concerns Mount Over ExxonMobil‚Äôs Dipping Oil Output https://t.co/jonS02CeNG https://t.co/fff1KzCMaG
RT @BleacherReport: LSU spun out of Alabama‚Äôs grasp to take home the W üå™

From B/R X @exxonmobil https://t.co/u6fnFfeQGV
RT @BleacherReport: LSU spun out of Alabama‚Äôs grasp to take home the W üå™

From B/R X @exxonmobil https://t.co/u6fnFfeQGV
RT @BleacherReport: LSU spun out of Alabama‚Äôs grasp to take home the W üå™

From B/R X @exxonmobil https://t.co/u6fnFfeQGV
RT @BleacherReport: LSU spun out of Alabama‚Äôs grasp to take home the W üå™

From B/R X @exxonmobil https://t.co/u6fnFfeQGV
Meeting with biggest business leaders of the world, Rex Tillerson, Chairman and CEO of ExxonMobil, to be Secretary of State.
RT @BleacherReport: LSU spun out of Alabama‚Äôs grasp to take home the W üå™

From B/R X @exxonmobil https://t.co/u6fnFfeQGV
@Reuters @Twitter why is @Reuters (a news source) being promoted by @exxonmobil (a company hell bent on profit)? Am I to assume they‚Äôre one and the same because that‚Äôs the implication.
RT @BleacherReport: LSU spun out of Alabama‚Äôs grasp to take home the W üå™

From B/R X @exxonmobil https://t.co/u6fnFfeQGV
RT @UvKLvr47: Massachusetts Sues ExxonMobil For Climate Disinformation, Greenwashing  https://t.co/KYRbhBg8qT
Meeting with biggest business leaders of the world, Rex Tillerson, Chairman and CEO of ExxonMobil, to be Secretary of State.
RT @BleacherReport: LSU spun out of Alabama‚Äôs grasp to take home the W üå™

From B/R X @exxonmobil https://t.co/u6fnFfeQGV
RT @BleacherReport: LSU spun out of Alabama‚Äôs grasp to take home the W üå™

From B/R X @exxonmobil https://t.co/u6fnFfeQGV
RT @BleacherReport: LSU spun out of Alabama‚Äôs grasp to take home the W üå™

From B/R X @exxonmobil https://t.co/u6fnFfeQGV
RT @BleacherReport: LSU spun out of Alabama‚Äôs grasp to take home the W üå™

From B/R X @exxonmobil https://t.co/u6fnFfeQGV
RT @BleacherReport: LSU spun out of Alabama‚Äôs grasp to take home the W üå™

From B/R X @exxonmobil https://t.co/u6fnFfeQGV
RT @BleacherReport: LSU spun out of Alabama‚Äôs grasp to take home the W üå™

From B/R X @exxonmobil https://t.co/u6fnFfeQGV
@CognitiveVerb @MRobertsQLD @BradCatalyst @BOM_au @exxonmobil https://t.co/j3W32TDF9K
Learn, connect &amp; experience with #GoCodeQatar at #DohaLearningDays, 14-19 Nov, #EducationCity! Learn more about #coding #robotics and #STEM. 

Register now: https://t.co/xdklOb5X02

#DLD2019 #GoCode  
@qrc_official
#QF @WISE_Tweets #DohaLearning
#WISE19 @exxonmobil_qa https://t.co/h6kgWXQcTG
@WashTimes @NikkiHaley @realDonaldTrump from what seems to have happened  afterwards, Rex Tillerson left a mess at @exxonmobil for his successors to clean up.
RT @BleacherReport: LSU spun out of Alabama‚Äôs grasp to take home the W üå™

From B/R X @exxonmobil https://t.co/u6fnFfeQGV
RT @BleacherReport: LSU spun out of Alabama‚Äôs grasp to take home the W üå™

From B/R X @exxonmobil https://t.co/u6fnFfeQGV
RT @powerglobalus: @CognitiveVerb @MRobertsQLD @BradCatalyst @BOM_au @exxonmobil At a time when Climate Science is being used as a politica‚Ä¶
@CognitiveVerb @MRobertsQLD @BradCatalyst @BOM_au @exxonmobil @IPCC_CH @CSIRO @NASA @NOAA I believe Scientists over governments, insurance companies, Green Energy companies and corruptible Scientific bodies...

You believe what you like. The Science is there to interpret and you suggest you understand it.
#HappeningNow honored to have the Honorable John Rakolta Jr. the #USA Ambassador to the #UAE &amp; Dr. Alan E. Nelson Chief Technology Officer @AdnocGroup at @AmChamAbuDhabi‚Äôs Kick-Off Breakfast sponsored by @exxonmobil https://t.co/P7u5PAd9iR
RT @BleacherReport: LSU spun out of Alabama‚Äôs grasp to take home the W üå™

From B/R X @exxonmobil https://t.co/u6fnFfeQGV
@ClimateCritic18 @MRobertsQLD @BradCatalyst @BOM_au @exxonmobil @IPCC_CH @CSIRO @NASA @NOAA The science will never be settled but multi national insurance companies are pretty convinced.
@CognitiveVerb @ClimateCritic18 @MRobertsQLD @BradCatalyst @BOM_au @exxonmobil @IPCC_CH @CSIRO @NASA @NOAA üíßcognitive verb is just a bandwagon rider .... üòÇü§£üòÇ
@CognitiveVerb @MRobertsQLD @BradCatalyst @BOM_au @exxonmobil @IPCC_CH @CSIRO @NASA @NOAA Now we are told there is a climate emergency, the science is settled, CO2 is the dominant driver of global temperature and we have the ability to control Earths T

Counter prominant Climate Scientists are being ridiculed, debate shut down and those with other views called deniers
@CognitiveVerb @ClimateCritic18 @MRobertsQLD @BradCatalyst @BOM_au @exxonmobil @IPCC_CH @CSIRO @NASA @NOAA Oh, and NASA have been caught out manipulating their data, as well ! 
Perhaps its time you learnt about the UN climate Change scam before you post tweets that show people you are ignorant and know nothing about what you are talking about.
https://t.co/SmT1GpO600
@ClimateCritic18 @MRobertsQLD @BradCatalyst @BOM_au @exxonmobil @IPCC_CH @CSIRO @NASA @NOAA Our parents were told that smoking tobacco was good for them.  Pfizer (Parke Davis) told us Lipitor was a safe statin for reducing serum cholesterol.  Volkswagen falsified their diesel emissions data.  Angus Taylor ‚Ä¶..well where does one start?
@MaxLVB2 @NoToTheUN @orpheuseurydice @jamespeshaw ...suggest otherwise are oil funded. 

This is particularly interesting given ExxonMobil's internal *very* accurate modeling suggests a 5 deg rise by 2050.

Am I going to listen to someone arguing against it when there is a suggestion of extreme bias? No.
@ClimateCritic18 @MRobertsQLD @BradCatalyst @BOM_au @exxonmobil @IPCC_CH @CSIRO @NASA @NOAA yes. totally.  Our forebears thought earth was flat, at the centre of the known universe. Scientists stood alone, ridiculed for their theories.  Many Scientists were glorified for their misconceptions.  Many politicians, religious leaders and corporations subverted science.
According to the president of ExxonMobil Chemical Company, fugacity doesn‚Äôt make sense to anyone. This is an example of how a (role) model directly represents actual data! Wow, modelling sure is accurate sometimes!
#2019thermoumbc
@CognitiveVerb @MRobertsQLD @BradCatalyst @BOM_au @exxonmobil How stupid are you are using the bullüí© BOM_au collected empirical evidence to verify the climate is changing, have you had your head in the sand, or what ?

Australia Weather Bureau Caught Tampering With Climate Numbers ..... FACT !

https://t.co/lh1ixRbssW
@CognitiveVerb @MRobertsQLD @BradCatalyst @BOM_au @exxonmobil @IPCC_CH @CSIRO @NASA @NOAA Most of them had their flaws. Yes I have.

My point is the accepted consensus at the time was wrong. Sound familiar?
RT @BleacherReport: LSU spun out of Alabama‚Äôs grasp to take home the W üå™

From B/R X @exxonmobil https://t.co/u6fnFfeQGV
RT @BleacherReport: LSU spun out of Alabama‚Äôs grasp to take home the W üå™

From B/R X @exxonmobil https://t.co/u6fnFfeQGV
@Heggisist @Iceblue52Roth @TheMicster @Thelonius_Punk @RamTrucks @lisamurkowski @SenDanSullivan @SenateGOP @SenateDems @HouseDemocrats @HouseGOP @AKHouseMajority @AKSenateDems @AKSenMajority @AKHouseRepubs @exxonmobil Since when did one time mining of materials become more polluting than operating a gasoline vehicle for two decades? Never
@blondehound @kencric @birth_marxist @caio__pires @ProlesPod There's a whole network behind the scenes that funds horror stories - the Atlas Network, a right-wing think tank funded by the Koch Brothers, ExxonMobil, and other companies, with funding from the NED, is a major player and is the group that brought us star defector Park Yeonmi
@ClimateCritic18 @MRobertsQLD @BradCatalyst @BOM_au @exxonmobil @IPCC_CH @CSIRO @NASA @NOAA have you studied Newton?  He failed to obtain consensus, so he maliciously destroyed the lives of some of his perceived adversaries.  He was a brilliant philosopher, physicist and mathematician.  He was also an arsehole.
@CognitiveVerb @MRobertsQLD @BradCatalyst @BOM_au @exxonmobil @IPCC_CH @CSIRO @NASA @NOAA I agree... there are theories for and against AGW/ACC.

Consensus is not fact or absolute confidence. Darwin, Einstein and Galileo knew that well.
@StevenGeorgant1 @SkyNewsAust Does this also apply to ExxonMobil?
@ClimateCritic18 @MRobertsQLD @BradCatalyst @BOM_au @exxonmobil @IPCC_CH @CSIRO @NASA @NOAA As with all Science, we have theories. The enhanced greenhouse gas effect, tectonic plate theory, evolution, particle theory etc.  We examine the history of science and human endeavour. We discuss how theories change over time as technology develops &amp; we uncover new information.
RT @BleacherReport: LSU spun out of Alabama‚Äôs grasp to take home the W üå™

From B/R X @exxonmobil https://t.co/u6fnFfeQGV
@CognitiveVerb @MRobertsQLD @BradCatalyst @BOM_au @exxonmobil @IPCC_CH @CSIRO @NASA @NOAA Do you also teach them that the Science is not settled in climate change and there is significant disagreement amongst prominent climate scientists?

Or do you indoctrinate them like some teachers who directly cause anxiety over the "emergency" (a form of #ChildAbuse)
RT @EnergyInDepth: NY AG‚Äôs witnesses in the ExxonMobil trial summed up in one word: dubious https://t.co/rLymMekpLm https://t.co/BI9i75zg9l
@ClimateCritic18 @MRobertsQLD @BradCatalyst @BOM_au @exxonmobil @IPCC_CH @CSIRO @NASA @NOAA Both.  I teach them photosystems, citric acid cycles and electron transport chains.  I teach limits to growth and increasing carbon dioxide has a limited effect on plant growth.  I tech them that plants are oxygen thieves when deprived of light. Stuff like that.
@PittGasMan @billpeduto @TheNextPGH @exxonmobil @MikeBloomberg No, they don't!!! üòÇü§£üòÇü§£üòÇü§£
@CognitiveVerb @MRobertsQLD @BradCatalyst @BOM_au @exxonmobil @IPCC_CH @CSIRO @NASA @NOAA I haven't called you that... you used " " so I'll not assume you are.

Irrelevant but usually concurrent.
RT @BleacherReport: LSU spun out of Alabama‚Äôs grasp to take home the W üå™

From B/R X @exxonmobil https://t.co/u6fnFfeQGV
@ClimateCritic18 @MRobertsQLD @BradCatalyst @BOM_au @exxonmobil @IPCC_CH @CSIRO @NASA @NOAA I am just another insignificant sheep.  I am apparently a woke, Capital-city, greenie raver...‚Ä¶ but I am not the only one #imagine
@CognitiveVerb @MRobertsQLD @BradCatalyst @BOM_au @exxonmobil @IPCC_CH @CSIRO @NASA @NOAA Feel free to provide that evidence otherwise you are just another insignificant #sheep that tries to challenge something you seem to fail to understand...
@sensarpensar @Iceblue52Roth @TheMicster @Thelonius_Punk @RamTrucks @lisamurkowski @SenDanSullivan @SenateGOP @SenateDems @HouseDemocrats @HouseGOP @AKHouseMajority @AKSenateDems @AKSenMajority @AKHouseRepubs @exxonmobil And how is it false information? Did China suddenly become heavily invested in clean mining?
@CognitiveVerb @MRobertsQLD @BradCatalyst @BOM_au @exxonmobil @IPCC_CH @CSIRO @NASA @NOAA Do you teach your students how good CO2 is for plants? Or do you teach them about the so called climate emergency?
RT @BleacherReport: LSU spun out of Alabama‚Äôs grasp to take home the W üå™

From B/R X @exxonmobil https://t.co/u6fnFfeQGV
@Thelonius_Punk @PunjabiSardari @TheMicster @Iceblue52Roth @RamTrucks @lisamurkowski @SenDanSullivan @SenateGOP @SenateDems @HouseDemocrats @HouseGOP @AKHouseMajority @AKSenateDems @AKSenMajority @AKHouseRepubs @exxonmobil I am not wrong. And ignoring the current limitations will not help in engineering around them.
@ClimateCritic18 @MRobertsQLD @BradCatalyst @BOM_au @exxonmobil @IPCC_CH @CSIRO @NASA @NOAA If you say so. Thank you for enlightening me. You have such a creative use of hash tags.
RT @BleacherReport: LSU spun out of Alabama‚Äôs grasp to take home the W üå™

From B/R X @exxonmobil https://t.co/u6fnFfeQGV
RT @humanforplanet: ‚ÄúExxon is one of just 20 fossil fuel companies responsible for a third of all greenhouse gas emissions in the modern er‚Ä¶
@MericaFirstYall @billpeduto @TheNextPGH @exxonmobil Nailed it! @MikeBloomberg made him his betch with ebony promises of fame &amp; fortune. But puppets don‚Äôt have brains!
Adjudican contratos para la tercera FPSO de ExxonMobil en #Guyana Esequiba https://t.co/MnHXuyvyld https://t.co/Tbn9Zn9cZc
RT @BleacherReport: LSU spun out of Alabama‚Äôs grasp to take home the W üå™

From B/R X @exxonmobil https://t.co/u6fnFfeQGV
@CognitiveVerb @MRobertsQLD @BradCatalyst @BOM_au @exxonmobil @IPCC_CH @CSIRO @NASA @NOAA Good for you. Do you feel self justified now? Looks like you needed to get that one off your chest.

I don't #AppealToAuthority so your credentials are irrelevant. If anything it makes you look more #inept.
@CognitiveVerb @MRobertsQLD @BradCatalyst @BOM_au @exxonmobil @IPCC_CH @CSIRO @NASA @NOAA You are quite the #simpleton dear.

https://t.co/ddJuc8DViv
@ClimateCritic18 @MRobertsQLD @BradCatalyst @BOM_au @exxonmobil @IPCC_CH @CSIRO @NASA @NOAA If it is any consolation I used to be a hydrocarbon process engineer and I was complicit with multinational corporations in the systematics degradation of our atmosphere.  These days I teach Science to middle school students.
@PittGasMan @billpeduto @TheNextPGH @exxonmobil A globalist puppet who cares not for his constituents, his city or his country.
@ClimateCritic18 @MRobertsQLD @BradCatalyst @BOM_au @exxonmobil @IPCC_CH @CSIRO @NASA @NOAA I am sorry to disappoint you. I can only regurgitate talking points on the consensus of reputed peer reviewed science.  Science is all about inquiry and proposing and testing hypothesis. A literature review is the beginning of wisdom.
Report details how ExxonMobil and fossil fuel firms sowed seeds of doubt on climate change https://t.co/ZCree5i4Dh
RT @BleacherReport: LSU spun out of Alabama‚Äôs grasp to take home the W üå™

From B/R X @exxonmobil https://t.co/u6fnFfeQGV
RT @BleacherReport: LSU spun out of Alabama‚Äôs grasp to take home the W üå™

From B/R X @exxonmobil https://t.co/u6fnFfeQGV
@CognitiveVerb @MRobertsQLD @BradCatalyst @BOM_au @exxonmobil @IPCC_CH @CSIRO @NASA @NOAA Evidence that is incomplete, misrepresented, ill concluded and refuted by prominent climate scientists.

I thought you were just an insignificant #ClimateCult #sheep... feel free to prove you're not if you can speak for yourself rather than regurgitate talking points.
@CognitiveVerb @MRobertsQLD @BradCatalyst @BOM_au @exxonmobil At a time when Climate Science is being used as a political football. People need to take time out and listen to this explanation of the science delivered with common sense. If you can't find the time to listen to this you are not serious. https://t.co/nLvLqN5oXC
ExxonMobil subsidiary Esso Exploration and Production Guyana Limited (EEPGL) has awarded SBM Offshore contr... https://t.co/ZqU19ly7Zy
@ClimateCritic18 @MRobertsQLD @BradCatalyst @BOM_au @exxonmobil I don‚Äôt need to provide evidence that is available from @IPCC_CH @CSIRO @NASA @NOAA @bom_au
@billpeduto Job killing Billy, of course liberals don‚Äôt want economic growth they want you to depend on gov. for everything so you need them! @TheNextPGH in for big surprise @exxonmobil about to build cracker. Mayor is obviously incompetent to not recognize what Oil&amp;Gas industry contributed.
@CognitiveVerb @MRobertsQLD @BradCatalyst @BOM_au @exxonmobil Now provide the evidence of your inaccurate claims...
RT @BleacherReport: LSU spun out of Alabama‚Äôs grasp to take home the W üå™

From B/R X @exxonmobil https://t.co/u6fnFfeQGV
@Janebry24357511 @AOC The guy who wrote this article is from Texas Public Policy Foundation (climate change denier funded by oil and gas)
"In 2015, TPPF had total revenue of $10.8 million.[7] Donors to the organization include energy companies Chevron, ExxonMobil, and other fossil fuel interests.[8]"
RT @insideclimate: The climate fraud trial of ExxonMobil saw two weeks of twisting testimony and evidence and was capped by closing argumen‚Ä¶
RT @jeanneyacoubou: playbook of #fossilfuel cartel @exxonmobil @Shell @Chevron @BP_America hasn't changed at all in 40 years just more #gre‚Ä¶
RT @insideclimate: Did ExxonMobil mislead investors about the risks it faces from climate regulation? The answer is now in the hands of one‚Ä¶
RT @BleacherReport: LSU spun out of Alabama‚Äôs grasp to take home the W üå™

From B/R X @exxonmobil https://t.co/u6fnFfeQGV
RT @UvKLvr47: Massachusetts Sues ExxonMobil For Climate Disinformation, Greenwashing  https://t.co/KYRbhBg8qT
RT @jeanneyacoubou: playbook of #fossilfuel cartel @exxonmobil @Shell @Chevron @BP_America hasn't changed at all in 40 years just more #gre‚Ä¶
RT @BleacherReport: LSU spun out of Alabama‚Äôs grasp to take home the W üå™

From B/R X @exxonmobil https://t.co/u6fnFfeQGV
Adjudican contratos para la tercera FPSO de ExxonMobil en #Guyana Esequiba &lt;&lt; Click en el enlace para leer m√°s&gt;&gt; https://t.co/Tlgez18pI6 https://t.co/vR1Iw1BMCd
playbook of #fossilfuel cartel @exxonmobil @Shell @Chevron @BP_America hasn't changed at all in 40 years just more #greenwashing today. don't believe their lies! we need a #GreenNewDeal https://t.co/yf5ZZpXaDC
RT @BleacherReport: LSU spun out of Alabama‚Äôs grasp to take home the W üå™

From B/R X @exxonmobil https://t.co/u6fnFfeQGV
RT @DavidPollack7: These concerns stemmed from our extensive experience investigating corruption around the world, showing that ExxonMobil‚Ä¶
RT @DavidPollack7: When Tillerson‚Äôs nomination was announced we expressed serious concerns about his ability to protect national security a‚Ä¶
RT @BleacherReport: LSU spun out of Alabama‚Äôs grasp to take home the W üå™

From B/R X @exxonmobil https://t.co/u6fnFfeQGV
RT @BleacherReport: LSU spun out of Alabama‚Äôs grasp to take home the W üå™

From B/R X @exxonmobil https://t.co/u6fnFfeQGV
RT @BleacherReport: LSU spun out of Alabama‚Äôs grasp to take home the W üå™

From B/R X @exxonmobil https://t.co/u6fnFfeQGV
RT @Wentz_Better: @BleacherReport @exxonmobil Bama fans https://t.co/WkODih9paA
@JoanneNova https://t.co/aXbOTX4OuL
RT @BleacherReport: LSU spun out of Alabama‚Äôs grasp to take home the W üå™

From B/R X @exxonmobil https://t.co/u6fnFfeQGV
@exxonmobil If only there was a way to extract oil without harming the environment...
@MRobertsQLD @BradCatalyst Scientists produced climate models that predicted increased intensity of floods, droughts, cyclones, bush fires etc then @BOM_au collected empirical evidence to verify the climate is changing.  @exxonmobil scientists have testified to the links with an enhanced green house effect
RT @BleacherReport: LSU spun out of Alabama‚Äôs grasp to take home the W üå™

From B/R X @exxonmobil https://t.co/u6fnFfeQGV
RT @BleacherReport: LSU spun out of Alabama‚Äôs grasp to take home the W üå™

From B/R X @exxonmobil https://t.co/u6fnFfeQGV
RT @JohnDeVore: wait so an exxonmobil executive and a marine corps general are libtards now
Adjudican contratos para la tercera FPSO de ExxonMobil en #Guyana¬†Esequiba https://t.co/E2FZl2DZDh https://t.co/IvsZVDzgy7
RT @BleacherReport: LSU spun out of Alabama‚Äôs grasp to take home the W üå™

From B/R X @exxonmobil https://t.co/u6fnFfeQGV
RT @BleacherReport: LSU spun out of Alabama‚Äôs grasp to take home the W üå™

From B/R X @exxonmobil https://t.co/u6fnFfeQGV
RT @BleacherReport: LSU spun out of Alabama‚Äôs grasp to take home the W üå™

From B/R X @exxonmobil https://t.co/u6fnFfeQGV
ExxonMobil provides a cleaner-burning natural gas that can power everything from homes to industries while helping Delhi reduce emissions and improve air quality.
#UnexpectedEnergy
@PROFCHAUDHARY
RT @BleacherReport: LSU spun out of Alabama‚Äôs grasp to take home the W üå™

From B/R X @exxonmobil https://t.co/u6fnFfeQGV
RT @BleacherReport: LSU spun out of Alabama‚Äôs grasp to take home the W üå™

From B/R X @exxonmobil https://t.co/u6fnFfeQGV
RT @BleacherReport: LSU spun out of Alabama‚Äôs grasp to take home the W üå™

From B/R X @exxonmobil https://t.co/u6fnFfeQGV
RT @BleacherReport: LSU spun out of Alabama‚Äôs grasp to take home the W üå™

From B/R X @exxonmobil https://t.co/u6fnFfeQGV
RT @DavidPollack7: Tillerson attending a signing ceremony for a major ExxonMobil deal in Saudi Arabia during an official state visit also r‚Ä¶
RT @xrcomicscience: @exxonmobil So that's not what happened at your conference 40 years ago? #ExxonKnew https://t.co/nRpo5VRmqu
RT @VerziehenOne: @exxonmobil 

Your 'We're totally not evil and screwing the planet for money' commercials aren't fooling anyone, just FYI‚Ä¶
RT @BleacherReport: LSU spun out of Alabama‚Äôs grasp to take home the W üå™

From B/R X @exxonmobil https://t.co/u6fnFfeQGV
New Info's Fuel Cell Hydrogen News: ExxonMobil, FuelCell Energy expand agreement to optimize carbonate fuel cell technology for large-scale carbon capture - Green Car Congress
https://t.co/kgaN0ZXd8b https://t.co/akB4C9ILt4
RT @BleacherReport: LSU spun out of Alabama‚Äôs grasp to take home the W üå™

From B/R X @exxonmobil https://t.co/u6fnFfeQGV
RT @DavidPollack7: Tillerson attending a signing ceremony for a major ExxonMobil deal in Saudi Arabia during an official state visit also r‚Ä¶
RT @ChEnected: ‚ÄúFor excellence in the classroom teaching of transport and biotechnology..." Warren K. Lewis Award, sponsored by @exxonmobil‚Ä¶
RT @ZakiyaMedia: Has nature/climate twitter heard of Guyana? Not Ghana in Africa, I mean the Amazon-holding, English-speaking South America‚Ä¶
RT @UvKLvr47: Massachusetts Sues ExxonMobil For Climate Disinformation, Greenwashing  https://t.co/KYRbhBg8qT
William C Weldon, Darren W Woods. Quick reminder guys @exxonmobil has known about climate change since the 70s and instead of dealing with it they‚Äôve buried information on the topic in misleading information and propaganda. So make sure to thank these people for this üòÅ /2
RT @BleacherReport: LSU spun out of Alabama‚Äôs grasp to take home the W üå™

From B/R X @exxonmobil https://t.co/u6fnFfeQGV
RT @TheEnergyBit: Hi! Here is your daily dose of useful links and articles related to renewable energy and technology. Enjoy!

THE DAILY RO‚Ä¶
RT @BleacherReport: LSU spun out of Alabama‚Äôs grasp to take home the W üå™

From B/R X @exxonmobil https://t.co/u6fnFfeQGV
The #dualchallenge is a tough nut to crack. Day and night, our dedicated teams pursue #innovation and opportunities to address this challenge. Visit Energy Factor today to learn about our work around the region to create tomorrow's #energy solutions: https://t.co/FaIKO9X6mr https://t.co/76a8dsB5b2
RT @Tentoads4truth: Among themembers ofAtlantic Bridge‚Äôs US advisory council were the ultra-conservative senators James Inhofe, Jon Kyl and‚Ä¶
RT @BleacherReport: LSU spun out of Alabama‚Äôs grasp to take home the W üå™

From B/R X @exxonmobil https://t.co/u6fnFfeQGV
#ClimateChange
&amp; the LIES told by @exxonmobil
Some HIStory OF THIER LIES !!
#WhatAboutTheEarth
#WhatAboutClimateChange
#WhatAboutChildrenDying
#WhatAboutAmazonRainForest
#WhatAboutUs
#CriticalThinking 
 https://t.co/Sl9nfsEbkG
RT @BleacherReport: LSU spun out of Alabama‚Äôs grasp to take home the W üå™

From B/R X @exxonmobil https://t.co/u6fnFfeQGV
RT @BleacherReport: LSU spun out of Alabama‚Äôs grasp to take home the W üå™

From B/R X @exxonmobil https://t.co/u6fnFfeQGV
RT @BleacherReport: LSU spun out of Alabama‚Äôs grasp to take home the W üå™

From B/R X @exxonmobil https://t.co/u6fnFfeQGV
RT @BleacherReport: LSU spun out of Alabama‚Äôs grasp to take home the W üå™

From B/R X @exxonmobil https://t.co/u6fnFfeQGV
RT @BleacherReport: LSU spun out of Alabama‚Äôs grasp to take home the W üå™

From B/R X @exxonmobil https://t.co/u6fnFfeQGV
RT @BleacherReport: LSU spun out of Alabama‚Äôs grasp to take home the W üå™

From B/R X @exxonmobil https://t.co/u6fnFfeQGV
RT @BleacherReport: LSU spun out of Alabama‚Äôs grasp to take home the W üå™

From B/R X @exxonmobil https://t.co/u6fnFfeQGV
RT @BleacherReport: LSU spun out of Alabama‚Äôs grasp to take home the W üå™

From B/R X @exxonmobil https://t.co/u6fnFfeQGV
RT @BleacherReport: LSU spun out of Alabama‚Äôs grasp to take home the W üå™

From B/R X @exxonmobil https://t.co/u6fnFfeQGV
RT @Brigida__Santos: Do you have trouble believing humans contribute to #ClimateChange? You may be a victim of #ExxonMobil's deception camp‚Ä¶
RT @BleacherReport: LSU spun out of Alabama‚Äôs grasp to take home the W üå™

From B/R X @exxonmobil https://t.co/u6fnFfeQGV
RT @BleacherReport: LSU spun out of Alabama‚Äôs grasp to take home the W üå™

From B/R X @exxonmobil https://t.co/u6fnFfeQGV
RT @BleacherReport: LSU spun out of Alabama‚Äôs grasp to take home the W üå™

From B/R X @exxonmobil https://t.co/u6fnFfeQGV
RT @BleacherReport: LSU spun out of Alabama‚Äôs grasp to take home the W üå™

From B/R X @exxonmobil https://t.co/u6fnFfeQGV
RT @BleacherReport: LSU spun out of Alabama‚Äôs grasp to take home the W üå™

From B/R X @exxonmobil https://t.co/u6fnFfeQGV
RT @BleacherReport: LSU spun out of Alabama‚Äôs grasp to take home the W üå™

From B/R X @exxonmobil https://t.co/u6fnFfeQGV
Oil giants @ExxonMobil @Chevron are joining a massive oil rights auction in Brazil during the largest oil spill in Brazilian history. Stop destroying our communities and climate - quit this auction now #marsempetr√≥leo #leil√£of√≥ssiln√£o
RT @BleacherReport: LSU spun out of Alabama‚Äôs grasp to take home the W üå™

From B/R X @exxonmobil https://t.co/u6fnFfeQGV
RT @BleacherReport: LSU spun out of Alabama‚Äôs grasp to take home the W üå™

From B/R X @exxonmobil https://t.co/u6fnFfeQGV
RT @CarolVernon7: @JRHorsting @WordswithSteph Tillerson, CEO of @ExxonMobil, was made Sec of State so that he could work to lift sanctions‚Ä¶
@BlueSt0rmRising Funny how the more unchecked he gets, the more people are dying.   Hmmm... ü§î Maybe instead of being a self serving sycophant, Nikki should have listened to Rex.  (And btw, how low have we sunk to where the greedy ExxonMobil bastard is the good guy in this story?!?!)
RT @BleacherReport: LSU spun out of Alabama‚Äôs grasp to take home the W üå™

From B/R X @exxonmobil https://t.co/u6fnFfeQGV
RT @BleacherReport: LSU spun out of Alabama‚Äôs grasp to take home the W üå™

From B/R X @exxonmobil https://t.co/u6fnFfeQGV
RT @BleacherReport: LSU spun out of Alabama‚Äôs grasp to take home the W üå™

From B/R X @exxonmobil https://t.co/u6fnFfeQGV
RT @BleacherReport: LSU spun out of Alabama‚Äôs grasp to take home the W üå™

From B/R X @exxonmobil https://t.co/u6fnFfeQGV
RT @BleacherReport: LSU spun out of Alabama‚Äôs grasp to take home the W üå™

From B/R X @exxonmobil https://t.co/u6fnFfeQGV
RT @BleacherReport: LSU spun out of Alabama‚Äôs grasp to take home the W üå™

From B/R X @exxonmobil https://t.co/u6fnFfeQGV
RT @BleacherReport: LSU spun out of Alabama‚Äôs grasp to take home the W üå™

From B/R X @exxonmobil https://t.co/u6fnFfeQGV
Can you recommend anyone for this job in Baytown, TX? https://t.co/DyUFfrbo88 #culinary #Chef
ExxonMobil Unteaches Science? I'm willing to bet that a good percentage of that book is anti-nuclear power. #TheSimpsons #Fox #AnimationDomination #ExxonMobilUnteachesScience #Science #Nuclearpower #Nuclearpowerissafe #Fossilfuellobbyism
RT @BleacherReport: LSU spun out of Alabama‚Äôs grasp to take home the W üå™

From B/R X @exxonmobil https://t.co/u6fnFfeQGV
Gas y Petr√≥leo de Neuquen duplico su Producci√≥n
Resultados a los esfuerzos en con junto con las compa√±√≠as ExxonMobil y Shell Argentina
@GyPNeuquen @ExxonMobilAr @Shell_Argentina 
@VacaMuertaNews 
#argentina #oilandgas #Petroleo https://t.co/jH8zmJv2UY
RT @BleacherReport: LSU spun out of Alabama‚Äôs grasp to take home the W üå™

From B/R X @exxonmobil https://t.co/u6fnFfeQGV
RT @DavidPollack7: Tillerson attending a signing ceremony for a major ExxonMobil deal in Saudi Arabia during an official state visit also r‚Ä¶
@exxonmobil hello! I have been a victim of fraud via skimming device at one of your stations in Gluckstadt Road, zip code 39701  --- two charges for $100 ! the charges say 3201 milbranch in memphis TN....what can you do?
RT @ZakiyaMedia: Has nature/climate twitter heard of Guyana? Not Ghana in Africa, I mean the Amazon-holding, English-speaking South America‚Ä¶
RT @BleacherReport: LSU spun out of Alabama‚Äôs grasp to take home the W üå™

From B/R X @exxonmobil https://t.co/u6fnFfeQGV
RT @BleacherReport: LSU spun out of Alabama‚Äôs grasp to take home the W üå™

From B/R X @exxonmobil https://t.co/u6fnFfeQGV
RT @BleacherReport: LSU spun out of Alabama‚Äôs grasp to take home the W üå™

From B/R X @exxonmobil https://t.co/u6fnFfeQGV
Oil giants @ExxonMobil @Chevron are joining a massive oil rights auction in Brazil during the largest oil spill in Brazilian history. Stop destroying our communities and climate - quit this auction now #marsempetr√≥leo #leil√£of√≥ssiln√£o
Babylon public forum. https://t.co/niXu4kHdJZ
RT @BleacherReport: LSU spun out of Alabama‚Äôs grasp to take home the W üå™

From B/R X @exxonmobil https://t.co/u6fnFfeQGV
RT @BleacherReport: LSU spun out of Alabama‚Äôs grasp to take home the W üå™

From B/R X @exxonmobil https://t.co/u6fnFfeQGV
RT @BleacherReport: LSU spun out of Alabama‚Äôs grasp to take home the W üå™

From B/R X @exxonmobil https://t.co/u6fnFfeQGV
RT @BleacherReport: LSU spun out of Alabama‚Äôs grasp to take home the W üå™

From B/R X @exxonmobil https://t.co/u6fnFfeQGV
RT @MaryHeglar: @exxonmobil You might be oily but you ain‚Äôt slick
RT @BleacherReport: LSU spun out of Alabama‚Äôs grasp to take home the W üå™

From B/R X @exxonmobil https://t.co/u6fnFfeQGV
RT @BleacherReport: LSU spun out of Alabama‚Äôs grasp to take home the W üå™

From B/R X @exxonmobil https://t.co/u6fnFfeQGV
RT @BleacherReport: LSU spun out of Alabama‚Äôs grasp to take home the W üå™

From B/R X @exxonmobil https://t.co/u6fnFfeQGV
@BleacherReport @exxonmobil shut up
RT @BleacherReport: LSU spun out of Alabama‚Äôs grasp to take home the W üå™

From B/R X @exxonmobil https://t.co/u6fnFfeQGV
RT @BleacherReport: LSU spun out of Alabama‚Äôs grasp to take home the W üå™

From B/R X @exxonmobil https://t.co/u6fnFfeQGV
RT @BleacherReport: LSU spun out of Alabama‚Äôs grasp to take home the W üå™

From B/R X @exxonmobil https://t.co/u6fnFfeQGV
RT @BleacherReport: LSU spun out of Alabama‚Äôs grasp to take home the W üå™

From B/R X @exxonmobil https://t.co/u6fnFfeQGV
RT @BleacherReport: LSU spun out of Alabama‚Äôs grasp to take home the W üå™

From B/R X @exxonmobil https://t.co/u6fnFfeQGV
RT @BleacherReport: LSU spun out of Alabama‚Äôs grasp to take home the W üå™

From B/R X @exxonmobil https://t.co/u6fnFfeQGV
RT @BleacherReport: LSU spun out of Alabama‚Äôs grasp to take home the W üå™

From B/R X @exxonmobil https://t.co/u6fnFfeQGV
RT @BleacherReport: LSU spun out of Alabama‚Äôs grasp to take home the W üå™

From B/R X @exxonmobil https://t.co/u6fnFfeQGV
RT @DavidPollack7: Tillerson attending a signing ceremony for a major ExxonMobil deal in Saudi Arabia during an official state visit also r‚Ä¶
@mynameisenn @MalaysiaCareers Unfortunately i don‚Äôt, on another hand if you‚Äôre interested in this position instead, do apply to https://t.co/Gzn71tvRWU
RT @BleacherReport: LSU spun out of Alabama‚Äôs grasp to take home the W üå™

From B/R X @exxonmobil https://t.co/u6fnFfeQGV
@Heggisist @Iceblue52Roth @TheMicster @Thelonius_Punk @RamTrucks @lisamurkowski @SenDanSullivan @SenateGOP @SenateDems @HouseDemocrats @HouseGOP @AKHouseMajority @AKSenateDems @AKSenMajority @AKHouseRepubs @exxonmobil That is all false information. Stop spreading it.
RT @BleacherReport: LSU spun out of Alabama‚Äôs grasp to take home the W üå™

From B/R X @exxonmobil https://t.co/u6fnFfeQGV
RT @BleacherReport: LSU spun out of Alabama‚Äôs grasp to take home the W üå™

From B/R X @exxonmobil https://t.co/u6fnFfeQGV
@exxonmobil You could just stop. That would do it.
RT @BleacherReport: LSU spun out of Alabama‚Äôs grasp to take home the W üå™

From B/R X @exxonmobil https://t.co/u6fnFfeQGV
RT @BleacherReport: LSU spun out of Alabama‚Äôs grasp to take home the W üå™

From B/R X @exxonmobil https://t.co/u6fnFfeQGV
RT @BleacherReport: LSU spun out of Alabama‚Äôs grasp to take home the W üå™

From B/R X @exxonmobil https://t.co/u6fnFfeQGV
RT @BleacherReport: LSU spun out of Alabama‚Äôs grasp to take home the W üå™

From B/R X @exxonmobil https://t.co/u6fnFfeQGV
If the Earth turns into a hell hole due to climate change, will any fossil fuel exec or politician feel any bit of regret or guilt? #ClimateChangeIsReal @GOP @exxonmobil @TheDemocrats
RT @BleacherReport: LSU spun out of Alabama‚Äôs grasp to take home the W üå™

From B/R X @exxonmobil https://t.co/u6fnFfeQGV
RT @BleacherReport: LSU spun out of Alabama‚Äôs grasp to take home the W üå™

From B/R X @exxonmobil https://t.co/u6fnFfeQGV
Tillerson attending a signing ceremony for a major ExxonMobil deal in Saudi Arabia during an official state visit also raised questions about Tillerson‚Äôs compliance with relevant ethics rules (unsurprisingly, US press weren‚Äôt allowed there either).
RT @DavidPollack7: These concerns stemmed from our extensive experience investigating corruption around the world, showing that ExxonMobil‚Ä¶
RT @DavidPollack7: When Tillerson‚Äôs nomination was announced we expressed serious concerns about his ability to protect national security a‚Ä¶
These concerns stemmed from our extensive experience investigating corruption around the world, showing that ExxonMobil and its predecessors repeatedly engaged in questionable oil deals and transactions, including with corruption-plagued governments of Equatorial Guinea,
When Tillerson‚Äôs nomination was announced we expressed serious concerns about his ability to protect national security and act in the public interest, given his track record at the helm of ExxonMobil.
RT @BleacherReport: LSU spun out of Alabama‚Äôs grasp to take home the W üå™

From B/R X @exxonmobil https://t.co/u6fnFfeQGV
RT @BleacherReport: LSU spun out of Alabama‚Äôs grasp to take home the W üå™

From B/R X @exxonmobil https://t.co/u6fnFfeQGV
@exxonmobil 

Your 'We're totally not evil and screwing the planet for money' commercials aren't fooling anyone, just FYI.

Put your money where your commercials say it is, start to undo your damage to the planet, then we'll talk.

#ClimateChangeIsReal #ExxonKnew
RT @BleacherReport: LSU spun out of Alabama‚Äôs grasp to take home the W üå™

From B/R X @exxonmobil https://t.co/u6fnFfeQGV
RT @BleacherReport: LSU spun out of Alabama‚Äôs grasp to take home the W üå™

From B/R X @exxonmobil https://t.co/u6fnFfeQGV
RT @BleacherReport: LSU spun out of Alabama‚Äôs grasp to take home the W üå™

From B/R X @exxonmobil https://t.co/u6fnFfeQGV
RT @BleacherReport: LSU spun out of Alabama‚Äôs grasp to take home the W üå™

From B/R X @exxonmobil https://t.co/u6fnFfeQGV
@tictoc @exxonmobil Exxon shit on our country and got away with it.
RT @BleacherReport: LSU spun out of Alabama‚Äôs grasp to take home the W üå™

From B/R X @exxonmobil https://t.co/u6fnFfeQGV
RT @BleacherReport: LSU spun out of Alabama‚Äôs grasp to take home the W üå™

From B/R X @exxonmobil https://t.co/u6fnFfeQGV
RT @BleacherReport: LSU spun out of Alabama‚Äôs grasp to take home the W üå™

From B/R X @exxonmobil https://t.co/u6fnFfeQGV
RT @BleacherReport: LSU spun out of Alabama‚Äôs grasp to take home the W üå™

From B/R X @exxonmobil https://t.co/u6fnFfeQGV
RT @BleacherReport: LSU spun out of Alabama‚Äôs grasp to take home the W üå™

From B/R X @exxonmobil https://t.co/u6fnFfeQGV
RT @BleacherReport: LSU spun out of Alabama‚Äôs grasp to take home the W üå™

From B/R X @exxonmobil https://t.co/u6fnFfeQGV
RT @BleacherReport: LSU spun out of Alabama‚Äôs grasp to take home the W üå™

From B/R X @exxonmobil https://t.co/u6fnFfeQGV
RT @BleacherReport: LSU spun out of Alabama‚Äôs grasp to take home the W üå™

From B/R X @exxonmobil https://t.co/u6fnFfeQGV
RT @BleacherReport: LSU spun out of Alabama‚Äôs grasp to take home the W üå™

From B/R X @exxonmobil https://t.co/u6fnFfeQGV
RT @BleacherReport: LSU spun out of Alabama‚Äôs grasp to take home the W üå™

From B/R X @exxonmobil https://t.co/u6fnFfeQGV
RT @BleacherReport: LSU spun out of Alabama‚Äôs grasp to take home the W üå™

From B/R X @exxonmobil https://t.co/u6fnFfeQGV
RT @BleacherReport: LSU spun out of Alabama‚Äôs grasp to take home the W üå™

From B/R X @exxonmobil https://t.co/u6fnFfeQGV
RT @BleacherReport: LSU spun out of Alabama‚Äôs grasp to take home the W üå™

From B/R X @exxonmobil https://t.co/u6fnFfeQGV
RT @BleacherReport: LSU spun out of Alabama‚Äôs grasp to take home the W üå™

From B/R X @exxonmobil https://t.co/u6fnFfeQGV
RT @BleacherReport: LSU spun out of Alabama‚Äôs grasp to take home the W üå™

From B/R X @exxonmobil https://t.co/u6fnFfeQGV
RT @BleacherReport: LSU spun out of Alabama‚Äôs grasp to take home the W üå™

From B/R X @exxonmobil https://t.co/u6fnFfeQGV
RT @BleacherReport: LSU spun out of Alabama‚Äôs grasp to take home the W üå™

From B/R X @exxonmobil https://t.co/u6fnFfeQGV
... plants have literally been doing this their whole lives smh https://t.co/n2FGaPvH0y
RT @BleacherReport: LSU spun out of Alabama‚Äôs grasp to take home the W üå™

From B/R X @exxonmobil https://t.co/u6fnFfeQGV
RT @BleacherReport: LSU spun out of Alabama‚Äôs grasp to take home the W üå™

From B/R X @exxonmobil https://t.co/u6fnFfeQGV
RT @BleacherReport: LSU spun out of Alabama‚Äôs grasp to take home the W üå™

From B/R X @exxonmobil https://t.co/u6fnFfeQGV
@exxonmobil Well stop chopping the trees down and burning the forests  . For Profit
RT @BleacherReport: LSU spun out of Alabama‚Äôs grasp to take home the W üå™

From B/R X @exxonmobil https://t.co/u6fnFfeQGV
RT @BleacherReport: LSU spun out of Alabama‚Äôs grasp to take home the W üå™

From B/R X @exxonmobil https://t.co/u6fnFfeQGV
RT @ChEnected: Sponsored by @exxonmobil R. H. Wilhelm Award winner Dr. William H. Green @MITChemE ‚ÄúFor developing and disseminating efficie‚Ä¶
RT @BleacherReport: LSU spun out of Alabama‚Äôs grasp to take home the W üå™

From B/R X @exxonmobil https://t.co/u6fnFfeQGV
RT @ChEnected: Sponsored by @exxonmobil R. H. Wilhelm Award winner Dr. William H. Green @MITChemE ‚ÄúFor developing and disseminating efficie‚Ä¶
RT @BleacherReport: LSU spun out of Alabama‚Äôs grasp to take home the W üå™

From B/R X @exxonmobil https://t.co/u6fnFfeQGV
RT @BleacherReport: LSU spun out of Alabama‚Äôs grasp to take home the W üå™

From B/R X @exxonmobil https://t.co/u6fnFfeQGV
RT @UvKLvr47: Massachusetts Sues ExxonMobil For Climate Disinformation, Greenwashing  https://t.co/KYRbhBg8qT
Thank you to #AIChEAnnual Platinum Sponsors! @DowNewsroom @exxonmobil @psenterprise @Siemens @WileyGlobal https://t.co/d5Q9DvYaDD
RT @BleacherReport: LSU spun out of Alabama‚Äôs grasp to take home the W üå™

From B/R X @exxonmobil https://t.co/u6fnFfeQGV
RT @BleacherReport: LSU spun out of Alabama‚Äôs grasp to take home the W üå™

From B/R X @exxonmobil https://t.co/u6fnFfeQGV
RT @BleacherReport: LSU spun out of Alabama‚Äôs grasp to take home the W üå™

From B/R X @exxonmobil https://t.co/u6fnFfeQGV
RT @BleacherReport: LSU spun out of Alabama‚Äôs grasp to take home the W üå™

From B/R X @exxonmobil https://t.co/u6fnFfeQGV
RT @DanCady: @ShopSmartResist Show them the gospel of Exxon (1982, p 2, para 2)!

https://t.co/oiN14JXwjW https://t.co/pzUcwMBjw8
@Reuters wait why is this post sponsored by ExxonMobil I'm confused
@exxonmobil https://t.co/dwH2ulSs3N
RT @BleacherReport: LSU spun out of Alabama‚Äôs grasp to take home the W üå™

From B/R X @exxonmobil https://t.co/u6fnFfeQGV
RT @Tentoads4truth: Among themembers ofAtlantic Bridge‚Äôs US advisory council were the ultra-conservative senators James Inhofe, Jon Kyl and‚Ä¶
RT @DanCady: @ShopSmartResist Show them the gospel of Exxon (1982, p 2, para 2)!

https://t.co/oiN14JXwjW https://t.co/pzUcwMBjw8
RT @BleacherReport: LSU spun out of Alabama‚Äôs grasp to take home the W üå™

From B/R X @exxonmobil https://t.co/u6fnFfeQGV
RT @BleacherReport: LSU spun out of Alabama‚Äôs grasp to take home the W üå™

From B/R X @exxonmobil https://t.co/u6fnFfeQGV
RT @BleacherReport: LSU spun out of Alabama‚Äôs grasp to take home the W üå™

From B/R X @exxonmobil https://t.co/u6fnFfeQGV
@exxonmobil wow water is so beautiful when it‚Äôs covered in oil  thank u exxon!!
RT @BleacherReport: LSU spun out of Alabama‚Äôs grasp to take home the W üå™

From B/R X @exxonmobil https://t.co/u6fnFfeQGV
RT @BleacherReport: LSU spun out of Alabama‚Äôs grasp to take home the W üå™

From B/R X @exxonmobil https://t.co/u6fnFfeQGV
RT @BleacherReport: LSU spun out of Alabama‚Äôs grasp to take home the W üå™

From B/R X @exxonmobil https://t.co/u6fnFfeQGV
RT @BleacherReport: LSU spun out of Alabama‚Äôs grasp to take home the W üå™

From B/R X @exxonmobil https://t.co/u6fnFfeQGV
RT @BleacherReport: LSU spun out of Alabama‚Äôs grasp to take home the W üå™

From B/R X @exxonmobil https://t.co/u6fnFfeQGV
RT @UvKLvr47: Massachusetts Sues ExxonMobil For Climate Disinformation, Greenwashing  https://t.co/KYRbhBg8qT
RT @BleacherReport: LSU spun out of Alabama‚Äôs grasp to take home the W üå™

From B/R X @exxonmobil https://t.co/u6fnFfeQGV
RT @BleacherReport: LSU spun out of Alabama‚Äôs grasp to take home the W üå™

From B/R X @exxonmobil https://t.co/u6fnFfeQGV
@exxonmobil Stop polluting and we won‚Äôt need this.
RT @Agent350: Oh, I‚Äôm sorry @exxonmobil, did we hurt your feelings? Maybe you‚Äôd have more friends if you weren‚Äôt destroying the future for‚Ä¶
RT @BleacherReport: LSU spun out of Alabama‚Äôs grasp to take home the W üå™

From B/R X @exxonmobil https://t.co/u6fnFfeQGV
RT @BleacherReport: LSU spun out of Alabama‚Äôs grasp to take home the W üå™

From B/R X @exxonmobil https://t.co/u6fnFfeQGV
@ShopSmartResist Show them the gospel of Exxon (1982, p 2, para 2)!

https://t.co/oiN14JXwjW https://t.co/pzUcwMBjw8
