Android owners are better human beings than iPhone users, according to science. https://t.co/5hTS42WHYX
La delincuencia en la Ciudad de MÃ©xico. 

En pleno Paseo de la Reforma, roban iPhone a esposa del embajador de Italia en MÃ©xico https://t.co/897DH8zlGQ
Facebook is secretly using your iPhoneâ€™s camera as you scroll your feed https://t.co/RdaRsqH9hj
RT @FayyanFreaks: Majority ramai yang tak faham tweet aisyah . Bukan dia nak pun iphone 11 tu maksud dia parents toxics susah nak treat anaâ€¦
RT @TheFunSizeGuy: Budak-budak zaman sekarang tak faham ke?
Phone RM5 ribu tu... bukan murah.
Malahan sangat-sangat mewah.

Ibarat kereta Fâ€¦
RT @IblisTerlaknat: Modern working parents bagi anak2 hadiah macam2, PS latest la, PC latest la, iPhone latest la, etc.

Because that givesâ€¦
RT @numagasa: iPhoneã§ã‚ˆãè¦‹ã‚‹ã‚¦ã‚§ãƒ–ã‚µã‚¤ãƒˆã€ã‚„ãŸã‚‰æ‰‡æƒ…çš„ãªæ¼«ç”»ã®åºƒå‘Šã°ã‹ã‚Šå‡ºã¦ãã¦ã‚¦ãƒ³ã‚¶ãƒªã™ã‚‹ã®ã§ã€çã—ãå‡ºã¦ããŸå¯æ„›ã„ãƒãƒªãƒã‚ºãƒŸã®ãƒ”ãƒ³ãƒãƒƒã‚¸ã®åºƒå‘Šã‚’ã€Œã‚‚ã†ãƒãƒªãƒã‚ºãƒŸã®ãƒ”ãƒ³ãƒãƒƒã‚¸ä»¥å¤–ã¯ä½•ã²ã¨ã¤è¦‹ãŸãã‚ã‚Šã¾ã›ã‚“ã€ã¨ã„ã†å¼·ã„æ°—æŒã¡ã‚’è¾¼ã‚ã¦ã‚¿ãƒƒãƒ—ã—ãŸãŒã€AIã¯ã¡ã‚ƒâ€¦
æºå¸¯æŠ•ã’ãŸã‚‰ã“ã‚“ãªç”»åƒæ’®ã‚‰ã‚Œã¦æˆ»ã£ã¦ããŸã‚‰ã³ã³ã‚‹ã ã‚â€¦ã§ã‚‚æŠ•ã’ã‚‹ãªã‚ˆã­iPhoneè„†ã„ã—ã‚ã¶ãªã„ã— https://t.co/LNdFjrQotd
eu acho que o iPhone tÃ¡ cagando tudo e nÃ£o tem mais o que criar
pare https://t.co/Z3X3KFXyAL
RT @Thvivee: Passaria em casa feliz, com meu iPhone 11 kkkkkkkkkk https://t.co/YY1umxzZsY
X-Doria Defense Shield, iPhone Xs Max â€“ Military Grade Drop Tested, Anodized Aluminum, TPU, and Polycarbonate Protective Case for Apple iPhone Xs Max, 6.5 Inch ScreenÂ (Red) https://t.co/CqSzqdVjkK https://t.co/T96M23KJQi
ãƒ¢ã‚¤ï¼iPhoneã‹ã‚‰ã‚­ãƒ£ã‚¹é…ä¿¡ä¸­ -ã„ã¤ã‚‚ã® https://t.co/B1svcIlhLG
@macha_033 èƒŒæ™¯ã¯ã‚·ãƒ³ãƒ—ãƒ«ã«ã—ãŸã„ã®ã«ã€æ‚©ã¾ã—ã„ã¨ã“ã‚ã§ã™ã‚ˆã­ã€‚iPhoneè£œæ­£ã‚­ãƒ£ãƒ³ã‚»ãƒ«èƒŒæ™¯ç´™ã¨ã‹ã‚ã‚Œã°ã„ã„ã®ã«ï¼
RT @OscarDopeAF: â€œSent with attitudeâ€ would be a girlâ€™s favorite iPhone feature
RT @snowfulls: GIVEAWAY!

â€¢ 1x iPhone 11

How to win:
â€¢ Retweet + like
â€¢ Follow me (@snowfulls)
â€¢ Turn on my notifications 
â€¢ Comment â€˜Snowâ€¦
iPhone 11å±Šãé–“å«ã®iPhone 8ä½¿ã£ã¦ã‚‹ã‘ã©ã€ã‚ã–ã‚ã–ã‚±ãƒ¼ã‚¹ä»£ãˆãŸã‚‰ãƒ€ã‚µã„ã¨è¨€ã‚ã‚Œã¾ã—ãŸâ€¦ãƒ”ãƒ³ã‚¯è‰²ãŒ1ç•ªå¥½ããªã‚“ã ã‚ˆãªãƒ¼
RT @hsieh_zachary: https://t.co/zHQD5BRvE2
RT if you want to win one of these 20 iPhone 11s!!! I literally bought 20, customized them, andâ€¦
RT @chefinh_2004: Isso antigamente era o iPhone 11 !!! https://t.co/QWlZJMu9u3
RT @TheFunSizeGuy: Budak-budak zaman sekarang tak faham ke?
Phone RM5 ribu tu... bukan murah.
Malahan sangat-sangat mewah.

Ibarat kereta Fâ€¦
RT @jaycottz1988: Whatâ€™s it like to bounce my big hairy pecs using the IPhone slo-moâ€™ feature you ask? Well... weighty actually, they ainâ€™tâ€¦
RT @XavierNaxa: Tolong jangan jadi hamba gadget sampai sanggup menghina ibu bapa yang kurang mampu membeli iPhone pada anak mereka. 

Sayaâ€¦
RT @WolfRewardz: iPhone 11 Giveaway | 20 Winners

â€¢ Like + Retweet

â€¢ Follow @WolfRewardz 

â€¢ Turn notifications on or you canâ€™t win!

â€¢ Coâ€¦
RT @peytnhaag: if u ever need to get my attention just play the iphone alarm noise cause that shit sends me into fight or flight mode no maâ€¦
RT @Merchgaws: Weâ€™re giving away an 2 iPhone 11 PRO MAX 64GB !

To Win:
â€¢ Retweet
â€¢ Follow @Merchgaws 
â€¢ Comment: DONE 

Turn ON our notifiâ€¦
RT @VillagePeople__: IPhone what is this? Definitely not iPhone 12 ğŸ˜ https://t.co/lvvNaVereu
RT @Insta360Japan: \ ã‚ãªãŸã®iPhoneã‚’360åº¦ã‚«ãƒ¡ãƒ©ã« /
ğŸ¤–Inter BEE 2019æœŸé–“é™å®šã‚­ãƒ£ãƒ³ãƒšãƒ¼ãƒ³ğŸ¤–

â£ï¸é€£ç¶š3æ—¥é–“ã€æ¯æ—¥ã®18æ™‚ã«å®Ÿæ–½â£ï¸

ğŸ’«å‚åŠ æ–¹æ³•
â¶æœ¬Twitterã‚’#RT
â·@Insta360Japan ã«ãƒ•ã‚©ãƒ­ãƒ¼ 

â€»ä»Šå›â€¦
RT @Thvivee: Passaria em casa feliz, com meu iPhone 11 kkkkkkkkkk https://t.co/YY1umxzZsY
RT @XavierNaxa: Tolong jangan jadi hamba gadget sampai sanggup menghina ibu bapa yang kurang mampu membeli iPhone pada anak mereka. 

Sayaâ€¦
@Apple Meu S8 mora dentro do freezer, se afoga no suor quando tÃ´ pedalando, nÃ£o parece um fogÃ£o e nÃ£o custa 20% do IPhone 11. Obg @SamsungBrasil
RT @chefinh_2004: Isso antigamente era o iPhone 11 !!! https://t.co/QWlZJMu9u3
RT @qiaqilahqi: â€˜Parents toxic cant relateâ€™. Sebab tak dapat iphone je terus label parents toxic. Do you know what is toxic actually? Lol kâ€¦
mommy daddy bdsm dom sub nsfw promo gc kpop reply rt like bts ateez fancam exo ariana grande giveaway x1 txt camila cabello shawn mendes furry hot 18+ follow trick mutuals selena justin jikook iphone apple nct trump sugar roty mama vote anime twice loona https://t.co/LX3RYPt7N6
Apple AirPods Pro Review: The Best Earbuds for iPhone - https://t.co/v8E317HQbA
RT @TheFunSizeGuy: Budak-budak zaman sekarang tak faham ke?
Phone RM5 ribu tu... bukan murah.
Malahan sangat-sangat mewah.

Ibarat kereta Fâ€¦
RT @TeamLouisNews: It seems that Louis mightâ€™ve switched from iPhone to Android. https://t.co/NARTc9nhx7
Selling my Iphone 6 32GB (Original) 
Pm for sure buyers only
RT @snowfulls: HUGE GIVEAWAY!â„ï¸

â€¢ 2x iPhone 11

How to win:
â€¢ Retweet and like
â€¢ Follow Me (@snowfulls) 
â€¢ Comment: Done
â€¢ Turn on my notiâ€¦
RT @alan_gau: A los chetos le molesta que les digan chetos. Los chetos van a bares, usan mucho boomerang en ig, suelen tener iPhone pero taâ€¦
o cr acabou de comprar um iphone 11 e foi numa lojinha de capas d cllr, a mulher disse que estava 100 reais e o cara nÃ£o quis e ainda falou q estava caro kkkkkkkkkkkk
RT @hsieh_zachary: Giving away the first custom iPhone 11 to someone on ig or twitter on November 14th!! RT if you want one â¤ï¸â¤ï¸â¤ï¸
Se han dado cuenta que las personas con mÃ¡s RT y â™¥ï¸ en sus fotos tienen el IPhone 11.

Uno no es feo, es pobre.
RT @perksofandrw: Toxic Filipino mindsets:

Close sa teacher - sipsip
Fanboy - bakla
Maputi - "maputi lang yan"
Naka iphone - mayaman
Palakâ€¦
RT @XavierNaxa: Tolong jangan jadi hamba gadget sampai sanggup menghina ibu bapa yang kurang mampu membeli iPhone pada anak mereka. 

Sayaâ€¦
Mi suegra se presta para el puterio barato. Enviar tambiÃ©n esta captura porque tanto a Manuel como a mi nos chupa un huevo. Suerte con su infelicidad ğŸ¤£ğŸ¤£ğŸ¤£ğŸ¤£ğŸ¤£ 
yo me comprÃ© un iPhone para twittear boludeces dÃ©jenme tranquila disfrutar mi boludez! 
ğŸ¤œğŸ¤›
RT @XavierNaxa: @dzubaharuddin Hargai pemberian yang tidak ternilai. Pastikan saudari menjaga iPhone sebaiknya kerana iphone mempunyai banyâ€¦
RT @Faezlicious: Hi guys, if anyone ada nampak orang nak jual iphone 11 pro max green id lock / lost mode. Do let me know asap. Hilang  diâ€¦
RT @SADbebacksoon: This the sidekick version of the iPhone. And tbh...I need it. https://t.co/omZChRKWlH
223æ›²(è¢«ã‚Šã‚¢ãƒª)ã§ã‚·ãƒ£ãƒƒãƒ•ãƒ«ã—ã¦5âœ•10ã®ã‚¢ãƒ«ãƒãƒ ã®ã€Œæ„Ÿè¬ã‚«ãƒ³ã‚²ã‚­é›¨åµã€ã¨5âœ•20ã®ã‚¢ãƒ«ãƒãƒ ã®ã€Œæ„Ÿè¬ã‚«ãƒ³ã‚²ã‚­é›¨åµã€ãŒç¶šã‘ã¦æµã‚Œã‚‹ã¨ã„ã†å¥‡è·¡ã€‚ã—ã‹ã‚‚ã€Œæ„Ÿè¬ã‚«ãƒ³ã‚²ã‚­é›¨åµã€ã¨ã„ã†æ›²é¸ã€‚ã‚„ã‚‹ã‚„ã‚“ç§ã®iPhoneã€‚
RT @AkinNow: Thereâ€™s been a huge increase on kidnapping/sex trafficking. Please take the advice people put on social media seriously itâ€™s fâ€¦
@dwancherry Goddamn iPhone! *watching obviously not wat hung. WTH is that anyway?
RT @Thvivee: Passaria em casa feliz, com meu iPhone 11 kkkkkkkkkk https://t.co/YY1umxzZsY
RT @meysmd_: My dad give me iphone but when my friend pinjam my phone selfie guna ig tetiba my phone jammed dia kata phone i tak ori . So iâ€¦
Resting Witch Face Phone Case for iPhone and Android - iPhone 6 - Snap Case - Matte Category: Handhelds Price: $19.99 Retail Price: $19.99 Brand: Halloween Make That Monster Bash A Graveyard Smash In One Of Our Halloween T-shirts And Jumpers!... - https://t.co/Xp0Fg8LuJ2 https://t.co/R6zyIa03Ft
RT @TheFunSizeGuy: Budak-budak zaman sekarang tak faham ke?
Phone RM5 ribu tu... bukan murah.
Malahan sangat-sangat mewah.

Ibarat kereta Fâ€¦
RT @meysmd_: My dad give me iphone but when my friend pinjam my phone selfie guna ig tetiba my phone jammed dia kata phone i tak ori . So iâ€¦
RT @qiaqilahqi: â€˜Parents toxic cant relateâ€™. Sebab tak dapat iphone je terus label parents toxic. Do you know what is toxic actually? Lol kâ€¦
RT @hsieh_zachary: Giving away the first custom iPhone 11 to someone on ig or twitter on November 14th!! RT if you want one â¤ï¸â¤ï¸â¤ï¸
RT @N_Habsah2: Warga twitter tengok dua benda ni 

First - Joined bile....

Second - Android/Iphone....

Fight me!!  
ğŸ˜‚ğŸ˜‚ğŸ˜‚
RT @XavierNaxa: Tolong jangan jadi hamba gadget sampai sanggup menghina ibu bapa yang kurang mampu membeli iPhone pada anak mereka. 

Sayaâ€¦
RT @chefinh_2004: Isso antigamente era o iPhone 11 !!! https://t.co/QWlZJMu9u3
RT @xx0_0xxgb1122: ãƒ†ãƒ¬ãƒ“ã§iPhoneã®å‹•ç”»ã‚’è¦‹ã‚‹æ–¹æ³•

ï¼Š ã‚«ãƒ©ã‚ªã‚±åº—ã®ãƒ¢ãƒ‹ã‚¿ãƒ¼ã¸æ¥ç¶šã‚‚ã§ãã¾ã™ãŒã€æ¡ä»¶ã«ã‚ˆã£ã¦ã¯è¦‹ã‚Œãªã„å ´åˆã‚‚ã‚ã‚‹ãã†ã§ã™
å¿…ãšãŠåº—ã«ã”ç¢ºèªã®ä¸Šã€è‡ªå·±è²¬ä»»ã§ãŠé¡˜ã„ã—ã¾ã™ https://t.co/Qk9KRVDUIE
RT @Thvivee: Passaria em casa feliz, com meu iPhone 11 kkkkkkkkkk https://t.co/YY1umxzZsY
RT @chefinh_2004: Isso antigamente era o iPhone 11 !!! https://t.co/QWlZJMu9u3
RT @OscarDopeAF: â€œSent with attitudeâ€ would be a girlâ€™s favorite iPhone feature
RT @OscarDopeAF: â€œSent with attitudeâ€ would be a girlâ€™s favorite iPhone feature
RT @Moefire_: When you just recovered from purchasing iPhone 11 &amp; you see iPhone 12 trending ğŸ˜Ÿ https://t.co/2lsjA777Ol
RT @rsydanz: Buat malu je lah minta iphone kat mak bapak ni kerja la pemalas bodoo.
RT @GuardianUS: Facebook confirms bug grants access to iPhone users' cameras https://t.co/foZXAvOv21
peguei um papel de uma casa de festas q se fechar um contrato lÃ¡ tu ganha um iphone xr doideira
RT @maiseydavisonx: I let my daughter play with my old iphone when she tries to grab mine and sheâ€™s managed to go on my recents and facetimâ€¦
iPadæŒã£ã¦ãã¦ã¦ã‚ˆã‹ã£ãŸã‚ã€€iPhoneå……é›»åˆ‡ã‚Œã¦ãƒ‡ãƒ¼ã‚¿ç¢ºèªã§ããªã‹ã£ãŸã‹ã‚‰å¤§å¤‰ã ã£ãŸ
RT @WizardGifting: 3x IPHONE 11 PRO MAX GIVEAWAY! 

Like and RETWEET â¤ï¸â™»ï¸
Follow ME &amp; 
Notifications ON
Comment â€˜Winâ€™

Ends in 24 Hours â°â€¦
RT @GivesSkull: We are gonna be giving away 1 Iphone 11 to a lucky winner! 

To Enter:
Like &amp; Retweet
Follow me
Turn my notifications on

Eâ€¦
RT @perksofandrw: Toxic Filipino mindsets:

Close sa teacher - sipsip
Fanboy - bakla
Maputi - "maputi lang yan"
Naka iphone - mayaman
Palakâ€¦
RT @OscarDopeAF: â€œSent with attitudeâ€ would be a girlâ€™s favorite iPhone feature
RT @chefinh_2004: Isso antigamente era o iPhone 11 !!! https://t.co/QWlZJMu9u3
RT @meysmd_: My dad give me iphone but when my friend pinjam my phone selfie guna ig tetiba my phone jammed dia kata phone i tak ori . So iâ€¦
RT @OscarDopeAF: â€œSent with attitudeâ€ would be a girlâ€™s favorite iPhone feature
RT @deneiii: orang bodoe je tweet pakai android dengan iphone ni
RT @mrcusx: eu sÃ³ queria um iphone slide pro https://t.co/Or0yJUW72T
RT @Thvivee: Passaria em casa feliz, com meu iPhone 11 kkkkkkkkkk https://t.co/YY1umxzZsY
RT @Thvivee: Passaria em casa feliz, com meu iPhone 11 kkkkkkkkkk https://t.co/YY1umxzZsY
RT @XavierNaxa: Tolong jangan jadi hamba gadget sampai sanggup menghina ibu bapa yang kurang mampu membeli iPhone pada anak mereka. 

Sayaâ€¦
mnml x Harrison Nevel iPhone 11 Pro Giveaway https://t.co/6Msy1DVXDr
RT @chefinh_2004: Isso antigamente era o iPhone 11 !!! https://t.co/QWlZJMu9u3
RT @WolfRewardz: iPhone 11 Giveaway | 20 Winners

â€¢ Like + Retweet

â€¢ Follow @WolfRewardz 

â€¢ Turn notifications on or you canâ€™t win!

â€¢ Coâ€¦
RT @OscarDopeAF: â€œSent with attitudeâ€ would be a girlâ€™s favorite iPhone feature
RT @ReaperGiveaway: We are gonna be giving away 3 Iphone 11 to 3 lucky winners! 

To Enter:
Like &amp; Retweet
Follow me
Turn my notificationsâ€¦
RT @Faezlicious: Hi guys, if anyone ada nampak orang nak jual iphone 11 pro max green id lock / lost mode. Do let me know asap. Hilang  diâ€¦
RT @EzraelAni: If this is real ehnn... Then iPhone has won! https://t.co/UvBNirlBTx
RT @FayyanFreaks: Majority ramai yang tak faham tweet aisyah . Bukan dia nak pun iphone 11 tu maksud dia parents toxics susah nak treat anaâ€¦
RT @alfonsocordido: @Dn_Vitocorleone Esa serÃ¡ la prÃ³xima ministro de comercio...que acaben con el pais, cuando les nazca, el "hombre nuevo"â€¦
RT @Thvivee: Passaria em casa feliz, com meu iPhone 11 kkkkkkkkkk https://t.co/YY1umxzZsY
ãƒ¢ã‚¤ï¼iPhoneã‹ã‚‰ã‚­ãƒ£ã‚¹é…ä¿¡ä¸­ - https://t.co/fOu0UPUevP
RT @urara_n_: ãƒãƒ¼ã‚¤â™¡iPhoneä½¿ã£ã¦ã¦ã€ŒTwitteré‡ã„ã€ã¨æ€ã£ã¦ã‚‹ãƒ•ã‚©ãƒ­ãƒ¯ãƒ¼ã®ã¿ã‚“ãªé”ãƒ¼ãƒ¼â™¡
ã€Œè¨­å®šã¨ãƒ—ãƒ©ã‚¤ãƒã‚·ãƒ¼ã€ã‹ã‚‰
ã€Œãƒ‡ãƒ¼ã‚¿åˆ©ç”¨ã®è¨­å®šã€ã«å…¥ã£ã¦ã€
ã€Œãƒ¡ãƒ‡ã‚£ã‚¢ã‚¹ãƒˆãƒ¬ãƒ¼ã‚¸ã€ã®é …ç›®ã§
ã€Œãƒ¡ãƒ‡ã‚£ã‚¢ã‚¹ãƒˆãƒ¬ãƒ¼ã‚¸ã®å‰Šé™¤ã€ã‚’è©¦ã™ã®ã‚ˆãƒ¼â™¡â™¡â™¡
ç°¡å˜ã«è¨€ã†ã¨æœ¬ã«æŒŸã¿ã£â€¦
RT @W_1_275_2_: å†æŠ•ç¨¿

æœ€æ–°iPhone ã‚‚ã‚‰ã£ã¦ãã‚Œã‚‹äººã„ã¾ã›ã‚“ã‹ï¼Ÿ

ä»Šæœˆä¸­ã«ä½™ã£ã¦ã‚‹ã„ã‚‹åœ¨åº«ã‚’å…¨ã¦å‡¦åˆ†ã•ã›ã¦é ‚ãã¾ã™

iPhone X 
iPhone XS MAX
iPhone 11 
iPhone 11 Pro

ãŒå¤§é‡ã«ä½™ã£ã¦ã„ã¾ã™

@W_1_â€¦
RT @Moefire_: When you just recovered from purchasing iPhone 11 &amp; you see iPhone 12 trending ğŸ˜Ÿ https://t.co/2lsjA777Ol
RT @PandaGifter: Weâ€™re giving away a iPhone 11 Pro Max &amp; A Macbook Pro!ğŸ“± 

How to enter: 
- Like &amp; Retweet
- Follow Me (@PandaGifter)
- Turâ€¦
RT @hsieh_zachary: Giving away the first custom iPhone 11 to someone on ig or twitter on November 14th!! RT if you want one â¤ï¸â¤ï¸â¤ï¸
RT @OscarDopeAF: â€œSent with attitudeâ€ would be a girlâ€™s favorite iPhone feature
Iâ€™ve been using android phones for the past 8 years with hardly any issues. But I bought my first iPhone recently and I must say they are absolute garbage.
@ThreeUKSupport The post code is br3 1jj and I have a iPhone XS Max.
Iphone deveria ter duas baterias
RT @Clara_Stvndlet: Mi madre nunca me va a regalar un iPhone a cambio de votar 

porque ya me regalÃ³ una buena educaciÃ³n que me permite votâ€¦
RT @hsieh_zachary: Giving away the first custom iPhone 11 to someone on ig or twitter on November 14th!! RT if you want one â¤ï¸â¤ï¸â¤ï¸
RT @alexandracooper: Apparently the fact that I still have the iPhone 7 is sad. Every time someone sees me with a home button they dm me anâ€¦
RT @Sweetest_Love04: Guess who found out you didn't need an iPhone to buy from iTunes and can now fully participate in the party ğŸ˜‚..... leaâ€¦
ãƒ¢ã‚¤ï¼iPhoneã‹ã‚‰ã‚­ãƒ£ã‚¹é…ä¿¡ä¸­ -ç”£æ¥­å»ƒæ£„ç‰©ã¿ãŸã„ãªã‚¯ã‚½çµµã‚’ç”Ÿã¿å‡ºã™ã‚¯ã‚½ã‚´ãƒŸé…ä¿¡è€… / å°äººã®è¡Œé€²ãªã‚“ã˜ã‚ƒã€œï¼ï¼ https://t.co/dfnHV16Kfe
RT @a_agelviz: De los productores de "Hipster anti-capitalista que tuitea desde su iPhone utilizando el Wifi de Starbucks", ahora llega: 
"â€¦
RT @Sweetest_Love04: Guess who found out you didn't need an iPhone to buy from iTunes and can now fully participate in the party ğŸ˜‚..... leaâ€¦
RT @BTS_Peru: Los animamos a comprar MAP OF THE SOUL: PERSONA de @BTS_twt si aÃºn no lo han hecho y tienen la posibilidad de hacerlo ğŸ¤

Recuâ€¦
@mylaura_m Socializa esse iPhone aÃ­ com a gente, comunista... Esse Ã© o retrato mais comum da incoerÃªncia e hipocrisia. https://t.co/mnY618vTYT
How to #Download iPhone 11 Exclusive #LiveWallpapers on Any iPhone
https://t.co/6Lc4OEERCX https://t.co/MoIdlDusqS
RT @Clara_Stvndlet: Mi madre nunca me va a regalar un iPhone a cambio de votar 

porque ya me regalÃ³ una buena educaciÃ³n que me permite votâ€¦
@MarpaungDevy Pantes iklam Iphone gak serame iklan samsung atau oppo
Udah ada yg iklanin toh ğŸ¤­
RT @qwerty_bin: TAK HARGA IPHONE NI BRAPA SBNRNYA??!?!?! https://t.co/zZRPLJbQ5y
El iPhone 11 no se rompe, ejem, ejem ğŸ˜
RT @Sweetest_Love04: Guess who found out you didn't need an iPhone to buy from iTunes and can now fully participate in the party ğŸ˜‚..... leaâ€¦
RT @_FarhanahJamil: iPhones are so overrated... If I had to choose between these two, Iâ€™d choose iPhone. https://t.co/yaWE1lDd5o
RT @Clara_Stvndlet: Mi madre nunca me va a regalar un iPhone a cambio de votar 

porque ya me regalÃ³ una buena educaciÃ³n que me permite votâ€¦
No entiendo la lÃ³gica del iPhone de que escucho una nota de voz, me puedo pasar a otras apps y todo bien, pero abro una foto en la misma conversaciÃ³n de WhatsApp y se deja de escuchar q pedo ğŸ¤¬ğŸŒšğŸŒš
No sabÃ­a que por no tener iPhone valgo menos :0 https://t.co/l30uUwDHVy
Adam sabah 4te okula gitmez ama iphone 5 Ã§Ä±kÄ±nca maÄŸazada kuyruÄŸa girmiÅŸ.  [Ata Demirer]
RT @alexlobaloba: I heard plans for #LagosTwitterHangout are in top gear.

Just so you know, some of us don't have Airpods, some of us arenâ€¦
ğŸš©Ofertas del â€˜Singles Dayâ€™ de AliExpress en MÃ©xico: Xiaomi Redmi Note 8 Pro, iPhone 11 y mÃ¡sğŸ‘Œ #ZirigozaGroup ğŸ’¡ #marketing #SEO ğŸ‘‰ https://t.co/EHQGYJ7cVA
@Umcaraq08675176 me da um de iphone de aniversÃ¡rio dedÃ©
RT @qwerty_bin: TAK HARGA IPHONE NI BRAPA SBNRNYA??!?!?! https://t.co/zZRPLJbQ5y
RT @guilhermejr155: VENDO IPHONE 7 PRETO 32GB SOMENTE COM CARREGADOR
DINHEIRO E CARTÃƒO
RT @Clara_Stvndlet: Mi madre nunca me va a regalar un iPhone a cambio de votar 

porque ya me regalÃ³ una buena educaciÃ³n que me permite votâ€¦
RT @PhoneStore_SD: iPhone X 64 GB
Ù„ÙØ§Ø¦Ø² ÙˆØ§Ø­Ø¯ Ù…Ø­Ø¸ÙˆØ¸
Ù„Ø¯Ø®ÙˆÙ„ Ø§Ù„Ø³Ø­Ø¨ :
Ù¡/ ØªØ§Ø¨Ø¹ Ø§Ù„Ø­Ø³Ø§Ø¨ @phones_sd 
Ù¢/ Ø±ÙŠØªÙˆÙŠØª Ù„Ù„ØªØºØ±ÙŠØ¯Ø©
Ù£/ Ù…Ù†Ø´Ù† Ø§ØªÙ†ÙŠÙ† Ù…Ù† Ø§ØµØ¯Ù‚Ø§Ø¦Ùƒ
Ø§Ù„Ø³â€¦
ä½¿ã‚ãªããªã£ãŸiPhoneã‚„iPadã‚„ã‚¹ãƒãƒ›ã£ã¦ã©ã†ã—ã¦ã¾ã™ã‹ï¼Ÿãƒ™ã‚¯ãƒˆãƒ«æ²–æµœåº—ãƒ»åŒ—å³¶åº—ã¯ãƒ¢ãƒã‚¤ãƒ«ç³»ã®è²·å–ã‚‚ã•ã›ã¦é ‚ã„ã¦ãŠã‚Šã¾ã™ï¼ç¾å“ã¯ã‚‚ã¡ã‚ã‚“é«˜é¡è²·å–â˜…ç”»é¢ãƒã‚­ãƒã‚­ã§ã‚‚ãŠé‡‘ã«ãªã‚‹ã‹ã‚‚ï¼ï¼Ÿè©³ç´°ã¯ã‚³ãƒãƒ©â†’https://t.co/eB5WuQwqXp
RT @PhoneStore_SD: iPhone X 64 GB
Ù„ÙØ§Ø¦Ø² ÙˆØ§Ø­Ø¯ Ù…Ø­Ø¸ÙˆØ¸
Ù„Ø¯Ø®ÙˆÙ„ Ø§Ù„Ø³Ø­Ø¨ :
Ù¡/ ØªØ§Ø¨Ø¹ Ø§Ù„Ø­Ø³Ø§Ø¨ @phones_sd 
Ù¢/ Ø±ÙŠØªÙˆÙŠØª Ù„Ù„ØªØºØ±ÙŠØ¯Ø©
Ù£/ Ù…Ù†Ø´Ù† Ø§ØªÙ†ÙŠÙ† Ù…Ù† Ø§ØµØ¯Ù‚Ø§Ø¦Ùƒ
Ø§Ù„Ø³â€¦
RT @BlaiseBrprint: iPhone users deleting pics after a night out with Android UsersğŸ¤ğŸ½ https://t.co/S6kxQ5ZBbn
RT @Clara_Stvndlet: Mi madre nunca me va a regalar un iPhone a cambio de votar 

porque ya me regalÃ³ una buena educaciÃ³n que me permite votâ€¦
RT @Clara_Stvndlet: Mi madre nunca me va a regalar un iPhone a cambio de votar 

porque ya me regalÃ³ una buena educaciÃ³n que me permite votâ€¦
RT @Clara_Stvndlet: Mi madre nunca me va a regalar un iPhone a cambio de votar 

porque ya me regalÃ³ una buena educaciÃ³n que me permite votâ€¦
RT @qwerty_bin: TAK HARGA IPHONE NI BRAPA SBNRNYA??!?!?! https://t.co/zZRPLJbQ5y
RT @Sweetest_Love04: Guess who found out you didn't need an iPhone to buy from iTunes and can now fully participate in the party ğŸ˜‚..... leaâ€¦
RT @Clara_Stvndlet: Mi madre nunca me va a regalar un iPhone a cambio de votar 

porque ya me regalÃ³ una buena educaciÃ³n que me permite votâ€¦
La gente anda escuchando lo de primero los dientes y despuÃ©s el iPhone Â¡Que bien ome!  ğŸ‘ğŸ½
RT @XavierNaxa: iPhone 5s boleh dinobatkan iPhone paling lama menerima sokongan iOS iaitu 5 kali bermula dari iOS 8 - iOS 12. 

iPhone 5s jâ€¦
auã®iPhoneã®çš†ã•ã‚“ã« é›»æ³¢å¼·åº¦ã®ã¨ã“ã‚ã«ã‚ˆãã€ŒKDDIâ—‹ã€ã£ã¦è¡¨ç¤ºã•ã‚Œã‚‹äººã¯å³æ›´æ–°ã€‚  ã€Œï¼Š5050ã€å®›ã«é›»è©±ç™ºä¿¡ï¼ˆé€šè©±æ–™ç„¡æ–™ï¼‰ã—ã¦å†èµ·å‹•ã™ã‚‹ã ã‘  ã‚¬ã‚¤ãƒ€ãƒ³ã‚¹ã®é€”ä¸­ã§åˆ‡ã£ã¦ã‚‚ã€æ›´æ–°ã¯æ­£å¸¸ã«é–‹å§‹ã•ã‚Œã¾ã™ã€‚ æ›´æ–°å®Œäº†è¡¨ç¤ºã§ã€Œäº†è§£ã€ã‚’ã‚¿ãƒƒãƒ— å¿…ãšä¸Šéƒ¨ã®é›»æºãƒœã‚¿ãƒ³é•·æŠ¼ã—ã§å†èµ·å‹•
RT @BionicGaws: iPhone 11 + Airpods Giveaway | 10 WINNERS
Worldwide shipping

To enter:

- Like and Retweet
- Follow @BionicGaws 
- Must haâ€¦
RT @hsieh_zachary: Biggest video i've made so far is dropping on my channel tomorrow! Last iphone vid hit 1 mill+ likes so as promised, givâ€¦
RT @La_Gr0sera: Buen dÃ­a @Apple hace unos dÃ­as comprÃ© el IPhone 11 y a los 4 dÃ­as a la pantalla se le bajÃ³ el brillo y asÃ­ se quedÃ³. Lo lleâ€¦
RT @c4jimenez: LE ROBAN TELÃ‰FONO a ESPOSA del EMBAJADOR de ITALIA en MÃ‰XICO
El embajador Luigi de Chiara y su esposa Idoia Uribarry caminabâ€¦
RT @Sweetest_Love04: Guess who found out you didn't need an iPhone to buy from iTunes and can now fully participate in the party ğŸ˜‚..... leaâ€¦
RT @Clara_Stvndlet: Mi madre nunca me va a regalar un iPhone a cambio de votar 

porque ya me regalÃ³ una buena educaciÃ³n que me permite votâ€¦
RT @SuarezSquare: 10: Filtro nÃºmeros telÃ©fonos de personas para generar el acoso. 
11: Estafas por presuntos sorteos de Iphone que jamas enâ€¦
I see a spark between us but I donâ€™t have an iPhone 

Gaposa Girls: https://t.co/AvAnpaZjXb
@VZWSupport @VZWSupport  I spoke to a very knowledgeable woman at your tech support hotline and she sent me a network extender. It has helped with the signal, but my iPhone XR has serious delay and voice quality issues. I read that the XR &amp; Verizon have problems. What can be done about this?
RT @S9QUARE: 191111 vlive trans 1
: ONCE ONCE
: This is Sana
: I'm finally changing my phone to new Iphone 
: Do you know whats the first sâ€¦
RT @Clara_Stvndlet: Mi madre nunca me va a regalar un iPhone a cambio de votar 

porque ya me regalÃ³ una buena educaciÃ³n que me permite votâ€¦
RT @Sweetest_Love04: Guess who found out you didn't need an iPhone to buy from iTunes and can now fully participate in the party ğŸ˜‚..... leaâ€¦
RT @_FarhanahJamil: iPhones are so overrated... If I had to choose between these two, Iâ€™d choose iPhone. https://t.co/yaWE1lDd5o
RT @audeline_lb: Iphone 8 perdu au one hier soir+ carte bancaire RT svp ma pote est Ã  bout
Some photos I got of the #MercuryTransit this morning with the @Celestron Nexstar 6se and my iPhone XS.  #astronomy #Astrophotography #Space #mercurytransit2019 #mercury @SkyandTelescope https://t.co/GYUlyZ08hd
RT @hsieh_zachary: Giving away the first custom iPhone 11 to someone on ig or twitter on November 14th!! RT if you want one â¤ï¸â¤ï¸â¤ï¸
ãƒ¢ã‚¤ï¼iPhoneã‹ã‚‰ã‚­ãƒ£ã‚¹é…ä¿¡ä¸­ - / é¾ãŒå¦‚ãæ¥µ https://t.co/qTfj3WYMyh
RT @LeScandaleux237: Sinon mÃªme quand vous voulez michto , faut faire un peu semblant ... câ€™Ã©tait trop flagrant et un peu mÃ©chant quand mÃªmâ€¦
@MichealFendi Android or iPhone? ğŸ˜­
RT @PENELOPPE192: J'ai l'impression qu'il y a plus de pauvres qu'il y a 40 ans et pourtant il me semblait qu'une sociÃ©tÃ© qui progresse dansâ€¦
RT @EWAWUNMIII: Even those that have empty account and struggling to use iPhone 6sPlus will be forming on the day of that #LagosTwitterHangâ€¦
ã‚¹ãƒãƒ¼ãƒˆãƒ•ã‚©ãƒ³ãƒ¦ãƒ¼ã‚¶ãƒ¼ãŒè¨€ã£ã¦ã„ãŸã€‚ iPhoneã¨Androidã§è¿·ã£ãŸæ™‚ã¯ã€ã“ã„ã¤ã‚’å‚è€ƒã«é¸ã¹ã£ã¦ãªã€‚ https://t.co/elgvGgC9uU  #tendou
RT @Sweetest_Love04: Guess who found out you didn't need an iPhone to buy from iTunes and can now fully participate in the party ğŸ˜‚..... leaâ€¦
The same Accra way it hard way girls dey golf iPhone 11 pro like that
RT @Sweetest_Love04: Guess who found out you didn't need an iPhone to buy from iTunes and can now fully participate in the party ğŸ˜‚..... leaâ€¦
äººæ¥ãªã‹ã£ãŸã‚‰ç¬ã§ãŠã‚ã‚‹
ãƒ¢ã‚¤ï¼iPhoneã‹ã‚‰ã‚­ãƒ£ã‚¹é…ä¿¡ä¸­ - https://t.co/leP1yGAIFh
RT @reason0000: https://t.co/bhTSJAz1fE

ä»®é¢ãƒ©ã‚¤ãƒ€ãƒ¼ã‚°ãƒªã‚¹å¥½ãã™ãã¦
ã“ã®æ›²ã§ã‚„ã‚Šã¾ã—ãŸã€‚
iPhoneã®ã¿ã§
æ„å¤–ã¨å‡ºæ¥ã‚‹ã‚‚ã‚“ã ãªãƒ¼ã¨
ãªã«ã‹ã¨å·¥å¤«ã—ã¦ã¾ã™ã®ã§
æ˜¯éã«
vou pegar esse iPhone no fim do ano da melhor forma.
RT @hsieh_zachary: Giving away the first custom iPhone 11 to someone on ig or twitter on November 14th!! RT if you want one â¤ï¸â¤ï¸â¤ï¸
RT @boygue737: Eu AMO ver o "twitter for iphone" escrito nos tweet comunista dos meus colega aqui
RT @rociooali: Para el cumpleaÃ±os 15 de mi hermana, mis papÃ¡s como no le pueden hacer una fiesta y un viaje, le compraron el iPhone 11 Pro.â€¦
GUYS I look so much like my mom that she can unlock my iPhone with Face ID
RT @EWAWUNMIII: Even those that have empty account and struggling to use iPhone 6sPlus will be forming on the day of that #LagosTwitterHangâ€¦
i stole these from Lauren Rachels, cuz her iphone photos are better than my camera photos today........ Look at that sweet face!!!!!!!!!!!!!!
How to Delete Siri Audio History on iPhone &amp; iPad https://t.co/7qFVgtHGF2
RT @artzpjm: o taehyung tem a peste de um iphone 11 com 3 cÃ¢meras e fica de ENFEITE pq nÃ£o Ã© possÃ­vel que o ano vai acabar sem uma selca deâ€¦
RT @BionicGaws: iPhone 11 Pro + Airpods Giveaway | 20 WINNERS

To enter:

- Like and Retweet 
- Follow @BionicGaws 
- Must have notificatioâ€¦
RT @Clara_Stvndlet: Mi madre nunca me va a regalar un iPhone a cambio de votar 

porque ya me regalÃ³ una buena educaciÃ³n que me permite votâ€¦
RT @ProverbesArabes: "Tu ne peux pas forcer les gens Ã  tâ€™aimer, mais tu peux les forcer Ã  te craindre." Gossip Girl #Ramadan #Proverbe #Araâ€¦
@izz_land yow dude subscriber here asking to join them iPhone give away plz
RT @Clara_Stvndlet: Mi madre nunca me va a regalar un iPhone a cambio de votar 

porque ya me regalÃ³ una buena educaciÃ³n que me permite votâ€¦
Buen dÃ­a @Apple hace unos dÃ­as comprÃ© el IPhone 11 y a los 4 dÃ­as a la pantalla se le bajÃ³ el brillo y asÃ­ se quedÃ³. Lo llevÃ© a la tienda donde lo comprÃ© y pues que no me lo podÃ­an recibir por problemas de un proveedor de ustedes. QUE ONDA CON ESO? No es una respuesta vÃ¡lida
RT @brooklynhoosie3: I keep running into people who like @KamalaHarris, but can't believe White Midwestern dudes like me will actually voteâ€¦
Iâ€™d love to be able to verbose boot iPhone without a jailbreak and with an untethered install (current legit install)
RT @BionicGaws: iPhone 11 Pro + Airpods Giveaway | 20 WINNERS

To enter:

- Like and Retweet 
- Follow @BionicGaws 
- Must have notificatioâ€¦
RT @hsieh_zachary: Giving away the first custom iPhone 11 to someone on ig or twitter on November 14th!! RT if you want one â¤ï¸â¤ï¸â¤ï¸
RT @c4jimenez: LE ROBAN TELÃ‰FONO a ESPOSA del EMBAJADOR de ITALIA en MÃ‰XICO
El embajador Luigi de Chiara y su esposa Idoia Uribarry caminabâ€¦
RT @eliottonce: @eucamilorj21 Les gens sui mettent " câ€™est grave moi " "on sourit mais Ã§a va pas" leurs traumatisme câ€™est que papa maman nâ€™â€¦
RT @themilkfoam: à¹€à¸¢à¹‡à¸”à¸›à¸²à¸à¸—à¸°à¸¥à¸§à¸‡à¹„à¸ªà¹‰à¸—à¸°à¸¥à¸¸à¸£à¸¹à¸—à¸§à¸²à¸£
-------&amp;(30)&amp;----------

à¸£à¸±à¸š 8,000 à¸šà¸²à¸—! à¸—à¸µà¹ˆà¸ªà¸¥à¹‡à¸­à¸•à¸‚à¸­à¸‡à¹€à¸£à¸²à¸§à¸±à¸™à¸™à¸µà¹‰ 
https://t.co/TNHOP9q1Xv
à¸à¸£à¹‰à¸­à¸¡à¸Ÿà¸£à¸µà¸ªâ€¦
Iphone Shoot ğŸ“² https://t.co/WSrMhDuftn
RT @torrewhitey: la publicidad para el iphone 11 dice que â€œlo usas mÃ¡sâ€, claramente no lo necesito entonces... ğŸ’‰ğŸ’ŠğŸ¾ğŸš¬âš°ï¸
RT @Clara_Stvndlet: Mi madre nunca me va a regalar un iPhone a cambio de votar 

porque ya me regalÃ³ una buena educaciÃ³n que me permite votâ€¦
"Tu ne peux pas forcer les gens Ã  tâ€™aimer, mais tu peux les forcer Ã  te craindre." Gossip Girl #Ramadan #Proverbe #Arabes Plus de proverbes: - sur iPhone : https://t.co/pqbpX6IHqP - sur Android : https://t.co/85ugs4YOpN https://t.co/MkXPuB33qx
RT @Karollayne1h: NÃ£o vai ter eu ganhando um iPhone atÃ© o final do ano https://t.co/pKfz43Emyc
The iphone camera treats me so well. Iâ€™m never going back to samsung.
ã‚‚ã†iPhoneã‚’æµ·ã«æ¨ã¦ã¦ã‚„ã‚ã†ã¨æ€ã£ãŸãã®æ™‚ï¼
RT @Sweetest_Love04: Guess who found out you didn't need an iPhone to buy from iTunes and can now fully participate in the party ğŸ˜‚..... leaâ€¦
@__SINAPSE__ @dylan_pankhurst @atdisarm @VerticsFN @HYPEX LOOOL IPHONE SUCKS
RT @Clara_Stvndlet: Mi madre nunca me va a regalar un iPhone a cambio de votar 

porque ya me regalÃ³ una buena educaciÃ³n que me permite votâ€¦
RT @Clara_Stvndlet: Mi madre nunca me va a regalar un iPhone a cambio de votar 

porque ya me regalÃ³ una buena educaciÃ³n que me permite votâ€¦
RT @ChanelNudes: I P H O N E 7 GIVEAWAY! â¤ 
Share you're blessings, yan ang motto ko sa buhay. Kaya mamimigay ako ng iphone. Follow the mecâ€¦
@HenceGaws Iphone
RT @Sweetest_Love04: Guess who found out you didn't need an iPhone to buy from iTunes and can now fully participate in the party ğŸ˜‚..... leaâ€¦
RT @_FarhanahJamil: iPhones are so overrated... If I had to choose between these two, Iâ€™d choose iPhone. https://t.co/yaWE1lDd5o
RT @GlodeJo07: Cuando lean a los comunistas de iPhone quejarse de que lo de Evo Morales es una conspiraciÃ³n, ensÃ©Ã±enle Ã©ste vÃ­deo, mÃ¡s de 2â€¦
FilmaÅ™i vyzkouÅ¡eli, jestli iPhone 11 Pro mÅ¯Å¾e nahradit profesionÃ¡lnÃ­ kameru. PodÃ­vejte se na vÃ½sledek: https://t.co/SSP4EOwc6d https://t.co/7QHJFN7wCA
Bon bah fin novembre ma maman mâ€™achÃ¨te lâ€™iPhone 11 ğŸ™ŒğŸ»
@xataka Creen que alguien va a rechazar un iphone de regalo?
RT @KariSeok: DESEO ACLARAR QUE HOSEOK LLEVABA MUCHO DINERO EN UNA MANO Y EN LA OTRA CARGABA SU IPHONE DE ÃšLTIMA GENERACIÃ“N ,TRAE PUESTA UNâ€¦
Trop bizarre de reprendre un iPhone 6s ! Du coup je nâ€™ai pas les derniÃ¨res  mises Ã  jour !!
ã€iPhoneã‚ã‚‹ã‚ã‚‹ã€‘ä¸‹ã®ã»ã†ã«æŒ‡ã‚’å‹•ã‹ã—ã™ãã‚‹ã¨ãƒ‰ãƒ­ãƒƒãƒ—ãŒé›¢ã‚Œã¦ã—ã¾ã†ã€‚ã¨ãã«ã¯ãƒœã‚¹æˆ¦ã®å¤§åˆ‡ãªæ™‚ã«ã‚‚â€¦
 ##ãƒ‘ã‚ºãƒ‰ãƒ©
RT @Clara_Stvndlet: Mi madre nunca me va a regalar un iPhone a cambio de votar 

porque ya me regalÃ³ una buena educaciÃ³n que me permite votâ€¦
RT @mayatherapist: Please can someone tell me why car key and iPhone cannot enter into the pocket or purse in Nigeria?

What is the reasonâ€¦
iPhone siriã®çµå©šã®æ–­ã‚Šæ–¹ https://t.co/SAlsBqG9Cs
RT @BTS_Peru: Los animamos a comprar MAP OF THE SOUL: PERSONA de @BTS_twt si aÃºn no lo han hecho y tienen la posibilidad de hacerlo ğŸ¤

Recuâ€¦
RT @Harmony53016478: This our era is technologically  updated and unlucky ...if you can't afford an iPhone then no girlfriend for you .ğŸ˜¥
RT @Clara_Stvndlet: Mi madre nunca me va a regalar un iPhone a cambio de votar 

porque ya me regalÃ³ una buena educaciÃ³n que me permite votâ€¦
RT @GlodeJo07: Cuando lean a los comunistas de iPhone quejarse de que lo de Evo Morales es una conspiraciÃ³n, ensÃ©Ã±enle Ã©ste vÃ­deo, mÃ¡s de 2â€¦
If anyone can help me Iâ€™d appreciate it greatly I have received something that seems to require google drive to open. I have an iPhone 6   Do I need to download the google drive app or how do I access that?
RT @GlodeJo07: Cuando lean a los comunistas de iPhone quejarse de que lo de Evo Morales es una conspiraciÃ³n, ensÃ©Ã±enle Ã©ste vÃ­deo, mÃ¡s de 2â€¦
RT @momotozakis: Sana: help me, this new iphone is too hard to use, everything is too complicated

Mina: ok boomer
RT @c4jimenez: LE ROBAN TELÃ‰FONO a ESPOSA del EMBAJADOR de ITALIA en MÃ‰XICO
El embajador Luigi de Chiara y su esposa Idoia Uribarry caminabâ€¦
A single $10 cable can charge your iPhone and your Apple Watch at the same time - BGR https://t.co/uf5bbIHD4N
RT @c4jimenez: LE ROBAN TELÃ‰FONO a ESPOSA del EMBAJADOR de ITALIA en MÃ‰XICO
El embajador Luigi de Chiara y su esposa Idoia Uribarry caminabâ€¦
RT @BTS_Peru: Los animamos a comprar MAP OF THE SOUL: PERSONA de @BTS_twt si aÃºn no lo han hecho y tienen la posibilidad de hacerlo ğŸ¤

Recuâ€¦
RT @WannaOne_twt: [ ğŸ“¢] ë˜‘ë˜‘ë˜‘) ëë‚  ë•Œê¹Œì§€ ëë‚œ ê²Œ ì•„ë‹ˆì—ìš”!
í–‰ë³µí•œ ë°¤ì´ ë˜ëŠ” ì£¼ë¬¸ğŸ’« 
 #ì›Œë„ˆë¸”ì´_ì›Œë„ˆì›ì—ê²Œ #ì›Œë„ˆì§€ë‹ˆ
í›„íšŒ ì—†ì´ íˆ¬í‘œí•˜ê³  ë®¤ì§ë±…í¬ ë³¸ë°© ì‚¬ìˆ˜í•˜ê¸°ğŸ™†ğŸ» 

 2018 MGA 
 â–¶ https://t.co/Ox7aâ€¦
@IvanMascarenha6 @silva_maurilho @BenjaminNorton @ALuizCosta @LulaOficial @evoespueblo Chile is a coup dâ€™etat. 
They were perfectly ok, no elections, no nothing
They changed less than a cent of dollar the price of subway and
INFERNO!!
teenagers are protesting for the inequality because they canâ€™t buy the last iPhone
That protest is really ridiculous(and Iâ€™m young!) https://t.co/8jLS5p6i6L
RT @Hamnatistic50: Khuwaish iphone lene ki hai or paise package krwane k bhi nhi.
ğŸ˜€
iPhone users and low battery https://t.co/NQd1GxSCE3
This new iPhone update converted me to the dark mode....ğŸ‘€
vas-y en une heure j'ai juste le temps de faire une Ã©norme commande amazon j'achÃ¨te un iphone 11, un macbook de malade, des airpods, un ipad pro, des vÃªtements, des livres, des chaussures tout ce que je peux https://t.co/pph5rGad6U
RT @mixkkkk: modo noturno do iphone 11 pro max https://t.co/hr0Ua5VAAz
RT @PandaGifter: To prove im legit, i will be giving 75 people who retweets this a IPHONE 11!

Follow @PandaGifter + Notifications on

Allâ€¦
RT @a32619: @btschartdata @BTS_twt #buypersonaonitunes you don't need an iphone for itunes army! you can also get it for your pc you just nâ€¦
@Saravimarks iPhone 11 pro to you Aunty
RT @OCoblerz: Still 4k https://t.co/UWCL2HbO8t
Win an iPhone 11 &amp; Full Grain Leather Case! https://t.co/QppT9EnHYX
Basic tips for extending your iPhone, iPad, Apple Watch, MacBook, orÂ AirPods https://t.co/OHLHyBNKzr https://t.co/Gl2EVTE9Sn
RT @intThingc: I want to give two of my active fam 
    An iPhone 11pro
.
.
.
I want 100 retweet on this ...
   Then tag a friend under theâ€¦
RT @affairkth: vo dar stream pelo spotify eu nao tenho iPhone 

#BuyPERSONAOniTunes
RT @qwerty_bin: TAK HARGA IPHONE NI BRAPA SBNRNYA??!?!?! https://t.co/zZRPLJbQ5y
RT @hsieh_zachary: Biggest video i've made so far is dropping on my channel tomorrow! Last iphone vid hit 1 mill+ likes so as promised, givâ€¦
Current status on all four platforms: iPhone is taking shape, layout code is in a good place. I like my floating circle buttons. tvOS is still very barebones but it's not a shipping target for now. 1.1 will launch on iOS and macOS simultaneously with its new name: Broadcasts https://t.co/CuLKUo9cp4
The latest The Mitch English Chronicle! https://t.co/nRpCRKmQ7D Thanks to @Sman80 @fabpaiy @wsuares #iphone #airpods
RT @OCoblerz: Price 4k https://t.co/pykQ1YecnM
Bittersweet but inspiring story of a conservation pioneer. Man who saved 500 kÄkÄpÅ https://t.co/gQ2KOo4xKH
RT @br_dadepressao: Iphone 11 / Samsung https://t.co/dfAGonMEDK
RT @paynyapay: Karena lagi ultah aku giveawayin nih iPhone yah ,RT aja ga perlu repot-repot" 
End ? 31 November 2019
Good luck https://t.coâ€¦
@Rahul88897616 @d1p70 @Joydeepc349 @Prashaforever @ANI Are yar kaisa bnda h ye: bhai tu simple si ye bat bta JNU itna bdiya h toh:
1. Bs Vahan hi anti national slogans kyu lgte h. Iits iims m to nhi lgte.
2. Jo students iphone, levis, nike pehnkr, 300 rupees fee hike protest kr rhe h unka kya krne chaiye?
RT @OCoblerz: Belts Thread 

Price - 3k https://t.co/8nSOttKvIm
@TheSirDml @eetz_naheem With a guy using itel vs with a guy using iPhone 11 pro .
RT @nebiiliyim: iphone saklama alanÄ± senin kadar insanÄ± yoran bir sey gÃ¶rmedim bize de dokunsalar aÄŸlayacak kadar doluyuz da her fÄ±rsatta dâ€¦
@tmafer vende dois tÃªnis que jÃ¡ rola o iphone 11
RT @Idlan_azhad: Asal iphone je kaya.
Asal android je miskin.
ğŸ™‚ğŸ™‚ğŸ™‚ğŸ™‚ğŸ™‚ğŸ™‚ğŸ™‚
RT @Sweetest_Love04: Guess who found out you didn't need an iPhone to buy from iTunes and can now fully participate in the party ğŸ˜‚..... leaâ€¦
RT @Sweetest_Love04: Guess who found out you didn't need an iPhone to buy from iTunes and can now fully participate in the party ğŸ˜‚..... leaâ€¦
PorquÃ© ahora #EvoAsesino tuitea desde un android? Ya te quitaron el iPhone? #BoliviaNoHayGolpe
Bon bah je vais mâ€™acheter lâ€™iPhone 11 moi
RT @Sweetest_Love04: Guess who found out you didn't need an iPhone to buy from iTunes and can now fully participate in the party ğŸ˜‚..... leaâ€¦
RT @intThingc: IPHONE 11 PRO MAX GIVEAWAY! ğŸ

Like and 20RETWEET â¤ï¸â™»ï¸
Follow ME 
Notifications ON
Comment â€˜Doneâ€™

Ends in 24 hours â° https:â€¦
@iphones4sale145 @Tannerfixestecc @JMaso846 anyone know how to activate an iphone 6s on ios 9?
RT @hsieh_zachary: https://t.co/zHQD5BRvE2
RT if you want to win one of these 20 iPhone 11s!!! I literally bought 20, customized them, andâ€¦
@GameMixTreize @jjongmoonchild vasi wsh tu pourra le prendre ton iPhone 11
Iphone dongles break easier than Android Chargers
@viiassis ah eu acho q tb n posso falar muito pq tive iphone hÃ¡ bastante tempo, e o ultimo q comprei fiquei com ele sÃ³ um mÃªs kkkkk mas queria voltar

cuidar bem ajuda mesmo a manter a bateria estÃ¡vel
RT @goons_guy: iphone users reading android messages https://t.co/Yfv9LvxEuB
RT @GlodeJo07: Cuando lean a los comunistas de iPhone quejarse de que lo de Evo Morales es una conspiraciÃ³n, ensÃ©Ã±enle Ã©ste vÃ­deo, mÃ¡s de 2â€¦
RT @JapanExplorers: å¼¥å½¦ç¥ç¤¾ã‚’è¨ªã‚Œã¦ã„ã¾ã™ã€‚
èŠã¾ã¤ã‚ŠãŒç´ æ™´ã‚‰ã—ã„ã€‚
æ¬²ã‚’è¨€ãˆã°ã‚‚ã†å°‘ã—ãŠå¤©æ°—ã ã¨ã‚ˆã‹ã£ãŸã®ã§ã™ãŒã€ã“ã‚Œã°ã‹ã‚Šã¯ä»•æ–¹ãŒãªã„ã§ã™ã­ã€‚

#å¼¥å½¦ç¥ç¤¾ #å¼¥å½¦å…¬åœ’ #èŠã¾ã¤ã‚Š #èŠ #å¼¥å½¦ #æ–°æ½Ÿ #ç¥ç¤¾ #ç§‹ #èŠ± #ç¥­ #çµ¶æ™¯ #é¢¨æ™¯ #iPhâ€¦
RT @Clara_Stvndlet: Mi madre nunca me va a regalar un iPhone a cambio de votar 

porque ya me regalÃ³ una buena educaciÃ³n que me permite votâ€¦
RT @hsieh_zachary: Giving away the first custom iPhone 11 to someone on ig or twitter on November 14th!! RT if you want one â¤ï¸â¤ï¸â¤ï¸
ãƒ¢ã‚¤ï¼iPhoneã‹ã‚‰ #ãƒ„ã‚¤ã‚­ãƒ£ã‚¹ã‚²ãƒ¼ãƒ ã‚º ã‚’é–‹å§‹ã—ã¾ã—ãŸ  #ãƒ„ã‚¤ã‚­ãƒ£ã‚¹ã‚²ãƒ¼ãƒ ã‚º https://t.co/jfIE28jItA
RT @artzpjm: o taehyung tem a peste de um iphone 11 com 3 cÃ¢meras e fica de ENFEITE pq nÃ£o Ã© possÃ­vel que o ano vai acabar sem uma selca deâ€¦
RT @PandaGifter: To prove im legit, i will be giving 75 people who retweets this a IPHONE 11!

Follow @PandaGifter + Notifications on

Allâ€¦
A single $10 cable can charge your iPhone and your Apple Watch at the same time https://t.co/kHEcYxi690
RT @ClaraCollinns: ARRÃŠTEZ DE CHARGER VOS IPHONE EN MODE Ã‰CONOMIE Dâ€™Ã‰NERGIE, vous demandez Ã  lâ€™iPhone de monter en batterie tout en voulantâ€¦
RT @Clara_Stvndlet: Mi madre nunca me va a regalar un iPhone a cambio de votar 

porque ya me regalÃ³ una buena educaciÃ³n que me permite votâ€¦
RT @br_dadepressao: Iphone 11 / Samsung https://t.co/dfAGonMEDK
Buen dÃ­a @istoremx hace unos dÃ­as comprÃ© el IPhone 11 y a los 4 dÃ­as a la pantalla se le bajÃ³ el brillo y asÃ­ se quedÃ³. Lo llevÃ© a la tienda donde lo comprÃ© y pues que no me lo podÃ­an recibir por problemas de un proveedor de ustedes. QUE ONDA CON ESO? No es una respuesta vÃ¡lida
RT @PhoneStore_SD: iPhone X 64 GB
Ù„ÙØ§Ø¦Ø² ÙˆØ§Ø­Ø¯ Ù…Ø­Ø¸ÙˆØ¸
Ù„Ø¯Ø®ÙˆÙ„ Ø§Ù„Ø³Ø­Ø¨ :
Ù¡/ ØªØ§Ø¨Ø¹ Ø§Ù„Ø­Ø³Ø§Ø¨ @phones_sd 
Ù¢/ Ø±ÙŠØªÙˆÙŠØª Ù„Ù„ØªØºØ±ÙŠØ¯Ø©
Ù£/ Ù…Ù†Ø´Ù† Ø§ØªÙ†ÙŠÙ† Ù…Ù† Ø§ØµØ¯Ù‚Ø§Ø¦Ùƒ
Ø§Ù„Ø³â€¦
RT @qwerty_bin: TAK HARGA IPHONE NI BRAPA SBNRNYA??!?!?! https://t.co/zZRPLJbQ5y
How to use a powerful customer survey tool from your favorite #esignature platform:https://t.co/BNe0zOL7UM #paperless #contracts #technology #digital #sales #mobile #documents #iphone #android #esign #workflow #office #productive #office #professional #business #forms #operations https://t.co/miGKaFvA0X
queria pegar um iPhone ğŸ˜©
RT @Sweetest_Love04: Guess who found out you didn't need an iPhone to buy from iTunes and can now fully participate in the party ğŸ˜‚..... leaâ€¦
RT @arabapps: Ø¨Ø±Ù†Ø§Ù…Ø¬ Joyoshare iPhone Data Recovery - Ø¥Ø³ØªØ¹Ø§Ø¯Ø© Ø§Ù„Ù…Ù„ÙØ§Øª Ø§Ù„Ù…Ø­Ø°ÙˆÙØ© Ø¹Ù„Ù‰ iOS !

https://t.co/ha0RGPOeSi

#Ø§Ø³ØªØ¹Ø§Ø¯Ø©_Ø§Ù„Ù…Ù„ÙØ§Øª_Ø§Ù„Ù…Ø­Ø°ÙˆÙâ€¦
å®šæœŸ48
è„±ç„ç«¯æœ«è²©å£²
iPhone4ã‚’è²©å£²ã—ã¦ãŠã‚Šã¾ã™
è³¼å…¥å¾Œã™ãã«ãƒ¯ãƒ³ãƒ‘ãƒ³ã§ãã‚‹ã‚ˆã†ã«è¨­å®šæ¸ˆã¿
12000ã€œè²©å£²ã§ï¼‹æ–™é‡‘ã§ãƒ¯ãƒ³ãƒ‘ãƒ³æ–¹æ³•ãªã©ãŠã—ãˆã¾ã™
æ°—ã«ãªã£ãŸæ–¹ã¯æ°—è»½ã«DMã¸
RT @c4jimenez: LE ROBAN TELÃ‰FONO a ESPOSA del EMBAJADOR de ITALIA en MÃ‰XICO
El embajador Luigi de Chiara y su esposa Idoia Uribarry caminabâ€¦
RT @Clara_Stvndlet: Mi madre nunca me va a regalar un iPhone a cambio de votar 

porque ya me regalÃ³ una buena educaciÃ³n que me permite votâ€¦
@jaysonrogue @aphrodi_tees We dey o,we just dey reason your matter ni o,na iphone portrait camera but Android upload am
RT @Idlan_azhad: Asal iphone je kaya.
Asal android je miskin.
ğŸ™‚ğŸ™‚ğŸ™‚ğŸ™‚ğŸ™‚ğŸ™‚ğŸ™‚
@tiemen Hey there! We know itâ€™s important to have cellular reception to enjoy your iPhone, and weâ€™re happy to help out. DM us and let us know if you experience issues with the cellular functions as a result of the poor connection, and weâ€™ll go from there. https://t.co/GDrqU22YpT
@AyyyItsBurner Listening to music on blast volume on my iPhone XR scrolling through twitter and click on this video ğŸ˜µğŸ¤§
RT @Clara_Stvndlet: Mi madre nunca me va a regalar un iPhone a cambio de votar 

porque ya me regalÃ³ una buena educaciÃ³n que me permite votâ€¦
Mon ex m'a envoyÃ© un messages aujourd'hui pour me demander si elle ne me manquait pas.
VoilÃ  ma rÃ©ponse
ğŸ‘‡ğŸ¾ğŸ‘‡ğŸ¾
_Est-ce que Nokia peut te manquer si tu as IPhone 11_
La sorciÃ¨re m'a bloquÃ©
RT @fyne_fii: Some guys really want to support some girls dreams but what these girls only dream about is to have an iPhone, clothes and maâ€¦
RT @Fact: The iPhone is the second highest selling product of all time, behind the Rubik's Cube.
RT @BandaFrantz: Iphone 4s 16g
ğŸ˜‚ 
Bref 25000f avec cordon 
Vente flash https://t.co/tznZDGk1rN
RT @rhevolutiongh: Welcome to the age where the brand of phone you use determines your title;

Iphone ï£¿- Chairman 
Samsung- Biggest Boss
Huâ€¦
"iPhone 12 pode ter um tamanho reduzido e conjunto de quatro cÃ¢meras... (Veja na What: https://t.co/LMiTaPtsCB" #tecnohour
?? Producto del dÃ­a [ Cargador para Carro Iphone 5,6 y 7 MXN 169.00
https://t.co/rwmKeopYO1 ] ??Comprando productos #gowin, transformas la vida de miles de mexicanos #Fundaciongowin ??EnvÃ­o gratis en compras +$499 https://t.co/l9CaFdphYF
I think my iPhone 
Is broken.
I pressed 
The home
Button
And I'm
Still at work.
Amo o fato de ter alguÃ©m na famÃ­lia que tem iPhone 11. Minhas fotos nunca mais serÃ£o as mesma, resta saber se ele vai me emprestar
RT @GlodeJo07: Cuando lean a los comunistas de iPhone quejarse de que lo de Evo Morales es una conspiraciÃ³n, ensÃ©Ã±enle Ã©ste vÃ­deo, mÃ¡s de 2â€¦
Disney: las pelÃ­culas que han pasado de animaciÃ³n a imagen real (y las que podrÃ­an llegar) https://t.co/D1wm92WiAs
Bom Ã© minha mae falando q vai deixar eu trocar de celular ano q vem pra pegar um melhor 
Um IPhone ou samsung top?
RT @CeotechI: Samsung, Galaxy Fold a 2.050 euro. Via alle prenotazioni - CorCom https://t.co/B0nfk9rE3P
@Samsung @SamsungItalia @SamsungMobâ€¦
RT @hsieh_zachary: Giving away the first custom iPhone 11 to someone on ig or twitter on November 14th!! RT if you want one â¤ï¸â¤ï¸â¤ï¸
RT @HenriqueDaRL1: Tomara que ainda esteja na moda quando eu tiver meu IPhone https://t.co/Di4WWh3Xla
iPhoneä¿®ç†ãªã‚‰â†’https://t.co/0QZeQ8hLhz     é›»è©±0487298420 ä¸å¯§ãªå¯¾å¿œã¨ä¿®ç†ã‚’å¿ƒæ›ã‘ã¦ãŠã‚Šã¾ã™ï¼ #iPhone #iPad #ä¿®ç†ã€€#å¤§å®® #docomo #auã€€#SoftBank #Appleã€€#ã‚¬ãƒ©ã‚¹ã€€#æ¶²æ™¶ã€€#ãƒãƒƒãƒ†ãƒªãƒ¼
Instead of buying them shoes or that iPhone yâ€™all Sistaz need to go get yâ€™all gun license in groups the monthğŸ’¯ğŸ’¯ yâ€™all gone be a endangered ppl at the rates yâ€™all goin missin
RT @mukhtar_usman: I just want to walk into a phone slot, pick up an iPhone 11 and register the face ID then walk out like a bossğŸ™„ https://â€¦
RT @JustToSell: $1200 Apple IPhone for $595!!! NoReserve global phone unlocked #Apple #iPhone 256GB https://t.co/sJS7w1kFmG #VeteransDay #vâ€¦
RT @BTS_Peru: Los animamos a comprar MAP OF THE SOUL: PERSONA de @BTS_twt si aÃºn no lo han hecho y tienen la posibilidad de hacerlo ğŸ¤

Recuâ€¦
RT @br_dadepressao: Iphone 11 / Samsung https://t.co/dfAGonMEDK
RT @tloveshobi: NÃ£o tenho iPhone, mas contribuo com Stream, serve? ğŸ¥º

#BuyPersonaOniTunes https://t.co/9eya58pqLs
RT @izz_land: If this get 100 re tweets I will buy 10 iPhone 11â€™s to giveaway (also sub 2 izz land)
RT @hsieh_zachary: Giving away the first custom iPhone 11 to someone on ig or twitter on November 14th!! RT if you want one â¤ï¸â¤ï¸â¤ï¸
RT @Monmerrybebe: WE ARE NOW IN 7TH PLACE!!!! LETS KEEP GOING UP!ğŸ’ªğŸ½ğŸ™ğŸ½ğŸ’™ğŸ’™ğŸ’™âœ¨

- now itâ€™s available in both iPhone and android app stores, so pâ€¦
@itbetrueyo @artificialgecko @Ascenith3 @ChinaDaily @taylorswift13 Okay Twitter for iPhone. For someone whoâ€™s against China you canâ€™t stop using products made in China can you? Being an internet warrior doesnâ€™t do much so get off your high horse.
@DaleJr Stop using iPhone.
RT @AppleTerminal: Let us know down below, what are your thoughts on this iPhone 12 concept? 

Is there anything in specific you are lookinâ€¦
@nesssft iphone 11 pro max, bracelet talons et sac ysl, sac chanel, bottes et talons gucci, sac balenviaga, balenciaga triple s, pochette sac et bottes lv et Ã§a sera tout bb â¤ï¸
@Apple just draining my iPhone battery again with their updates. Ugh, what gives?!
RT @Sweetest_Love04: Guess who found out you didn't need an iPhone to buy from iTunes and can now fully participate in the party ğŸ˜‚..... leaâ€¦
How do Airpods hold up after 3 Years?! Well hereâ€™s how! https://t.co/HtDE0ALx8F  #Apple #apple #SmallYouTuberArmy #youtube #iPhone #smallyoutuber #AppleWatchSeries5 #newyoutuber #YouTube #ios13 #smallyoutube #AppleEvent #AirPodsPro #airpods #AirPods_pro #iOS13
RT @TattiSosa: chicas egresadas en Carlos Paz: fotos sacadas con Iphone X, retrato, maquilladas, diosas mal en el boliche.
yo en Carlos Pazâ€¦
RT @c4jimenez: LE ROBAN TELÃ‰FONO a ESPOSA del EMBAJADOR de ITALIA en MÃ‰XICO
El embajador Luigi de Chiara y su esposa Idoia Uribarry caminabâ€¦
RT @thejackbeyer: Mercury, the first in our series of 8 slowly vibrating condensed clumps of energy in the form of matter passing in frontâ€¦
RT @OCoblerz: Price - 3k 

#AbujaTwitterCommunity 
Go thru the trend RT and patronise a local man Please https://t.co/axY3AHzOzI
Aluminum Alloy Full Screen Tempered Glass Case For iPhone 5 5S 5C SE 6 Plus 6S Plus 7 7 Plus 6 6S 3D Edge Full Screen Cover For USD 12.00
https://t.co/rx50ZYCHui https://t.co/CNUpzCKHux
Spigen Ultra Hybrid S [2nd Generation] iPhone 8 Plus Case / iPhone 7 Plus Case with Air Cushion Technology and Kickstand for App USD 22.99
https://t.co/Du1kkYatyK https://t.co/kEXm07mSaO
RT @eniturn: Dear Tweeps, before you go for #LagosTwitterHangout , make sure you have a clique of friends. Don't go there thinking you willâ€¦
Heard an opp dissin Snatched the weave out of her lace
Beat a B!tch all in her head (AYE)
iPhone cracked up her face ğŸ“±ğŸ¤¦ğŸ¾â€â™€ï¸@AsianDaBrattt https://t.co/1bOzNo46E2
RT @Sweetest_Love04: Guess who found out you didn't need an iPhone to buy from iTunes and can now fully participate in the party ğŸ˜‚..... leaâ€¦
RT @Sweetest_Love04: Guess who found out you didn't need an iPhone to buy from iTunes and can now fully participate in the party ğŸ˜‚..... leaâ€¦
RT @Clara_Stvndlet: Mi madre nunca me va a regalar un iPhone a cambio de votar 

porque ya me regalÃ³ una buena educaciÃ³n que me permite votâ€¦
To precisamos vender meu iPhone
Dropped your iPhone?
Screen Smashed?
We fix broken iPhones!
Give us a ring or pop in for a quote
#Apple
#iphone
#Wilmslow
#alderleyedge 
#Handforth https://t.co/h2gkzOn0To
RT @alexismrb: Things on my timeline
1. iPhone 11
2. SPM kids realising their stupidity 
3. iPhone 11
4. Melissaâ€™s instragram post 
5. iPhoâ€¦
iphone4
RT @Sweetest_Love04: Guess who found out you didn't need an iPhone to buy from iTunes and can now fully participate in the party ğŸ˜‚..... leaâ€¦
RT @Clara_Stvndlet: Mi madre nunca me va a regalar un iPhone a cambio de votar 

porque ya me regalÃ³ una buena educaciÃ³n que me permite votâ€¦
RT @_FarhanahJamil: iPhones are so overrated... If I had to choose between these two, Iâ€™d choose iPhone. https://t.co/yaWE1lDd5o
Je sais que mes mutes fonctionnent car je n'ai sais absolument pas pourquoi tout le monde parle de iPhone 8 non cela ne m'intÃ©resse pas.
RT @Sweetest_Love04: Guess who found out you didn't need an iPhone to buy from iTunes and can now fully participate in the party ğŸ˜‚..... leaâ€¦
RT @hsieh_zachary: Giving away the first custom iPhone 11 to someone on ig or twitter on November 14th!! RT if you want one â¤ï¸â¤ï¸â¤ï¸
RT @hsieh_zachary: Giving away the first custom iPhone 11 to someone on ig or twitter on November 14th!! RT if you want one â¤ï¸â¤ï¸â¤ï¸
RT @AppDoujins: All #hentai and #porn #anime in one #free #app for #Android #iPhone #iPad 
https://t.co/rwV7ZzBWlE https://t.co/W9pnep0Chy
RT @intThingc: I will be announcing my winner for my Iphone 11pro max soon 
.
.
 I need 20people to retweet this post and comment don so Iâ€¦
iPhone'larda bulunan ve Ã§oÄŸu kiÅŸinin bilmediÄŸi Ã¶zellikler neler?

https://t.co/sLDrP8k4kj https://t.co/kcbd5nqh5p
RT @GlodeJo07: Cuando lean a los comunistas de iPhone quejarse de que lo de Evo Morales es una conspiraciÃ³n, ensÃ©Ã±enle Ã©ste vÃ­deo, mÃ¡s de 2â€¦
iPhoneã®å†™çœŸå–ã‚Šè¾¼ã‚€ã ã‘ã§3æ™‚é–“ã‹ã‹ã£ãŸã—ç„¡ç†
No iPhone atÃ© quem feio fica bonito incrÃ­vel nÃ© kkkkk
RT @GlodeJo07: Cuando lean a los comunistas de iPhone quejarse de que lo de Evo Morales es una conspiraciÃ³n, ensÃ©Ã±enle Ã©ste vÃ­deo, mÃ¡s de 2â€¦
SETTINGS SEARCH #iOS 
Easily find obscure options

There is a lot that can be customized on an iPhone, and often itâ€™s difficult to find the options youâ€™re looking for within the maze of sub-menus in the Settings app. https://t.co/Uk5a8UCi7h
ãˆã‚‹ã—ã£ã¦ã‚‹ã‹ãƒ»ãƒ»ã“ã‚Œã§æˆæ¥­ä¸­ã«iphone è§¦ã‚Œã‚‹ã¨æ€ã£ãŸã‚‰ã€ãƒãƒ†ãƒã‚’æœºã®ä¸Šã«ç½®ããªã¨å…ˆç”Ÿã«ãŠã“ã‚‰ã‚ŒãŸããƒ»ãƒ»ãƒ» https://t.co/Twq3GeU0yW
RT @_ninon2822: #ARASHI

ãƒ­ãƒƒã‚¯ç”»é¢ãƒ—ãƒ¬ã‚¼ãƒ³ãƒˆğŸ
11/13ã¾ã§é…å¸ƒã—ã¾ã™ğŸ’ğŸŒˆ

ä»–æ©Ÿç¨®-iPhone X

ä¿å­˜ã¯â˜˜ï¸Followãƒ»RTãƒ»ã„ã„ã­ğŸ‘

äºŒæ¬¡æ·»ä»˜ãƒ»åŠ å·¥ç¦æ­¢ã§ã™ã€‚
#ãã‚ƒã®ã‚“ã®åŠ å·¥ https://t.co/uPcaROUDvC
RT @RayyaanAli1: Wallahi the iPhone alarm is probably the worst thing Iâ€™ve ever heard in my life it acc stresses me out I hate hearing it
How to Survive an iPhone Disaster - The - Washington Post https://t.co/2JswK3oknj
RT @Sweetest_Love04: Guess who found out you didn't need an iPhone to buy from iTunes and can now fully participate in the party ğŸ˜‚..... leaâ€¦
RT @andreariell: iNdO cOmPrAr Um iPhOnE e DiZeR q Eh MaCuMbA https://t.co/V3WBe0cRHA
RT @iPhoneAddictFr: Des rendus montrent Ã  quoi pourrait ressembler lâ€™iPhone 12 â¡ï¸ https://t.co/ZNuKXdqN1x https://t.co/67XQL8FJ2t
RT @QuotedReplies: To make sure you're always able to see the replies for any Tweet, please use the apps ğŸ˜‡ğŸ‘‡

1. Android: https://t.co/6G6b0â€¦
@izz_land Hey I hope I win dat iPhone giveaway
Copped an iPhone. Itâ€™s been like 10 years I was #teamdroid
RT @br_dadepressao: Iphone 11 / Samsung https://t.co/dfAGonMEDK
RT @Sweetest_Love04: Guess who found out you didn't need an iPhone to buy from iTunes and can now fully participate in the party ğŸ˜‚..... leaâ€¦
RT @Sweetest_Love04: Guess who found out you didn't need an iPhone to buy from iTunes and can now fully participate in the party ğŸ˜‚..... leaâ€¦
RT @c4jimenez: LE ROBAN TELÃ‰FONO a ESPOSA del EMBAJADOR de ITALIA en MÃ‰XICO
El embajador Luigi de Chiara y su esposa Idoia Uribarry caminabâ€¦
iPhone 11 Pro: Is it good enough to replace a professional video camera?. https://t.co/WjDKHp8Hxi

#Switch #Telecommunications #Internet #VOIP #PhoneService #CellPhone #MobilePhones #MoneyTransfer https://t.co/2g8ln1nqis
RT @fredocini: &gt;"$65 for a photoshoot is too expensive!!! my mom can do what you do on her iPhone for free!!"

&gt;"can you edit my selfies? fâ€¦
RT @BellaGreenleaf: Your child is already learning about sex. The iPhone you bought them, they are using it to google porn.

All kinds of pâ€¦
RT @gulickhannah: having an iphone 11 is not a flex. having an iphone 6 and still having the headphone jack is a flex and thatâ€™s a fact
RT @Sweetest_Love04: Guess who found out you didn't need an iPhone to buy from iTunes and can now fully participate in the party ğŸ˜‚..... leaâ€¦
@Phahle @Sentletse @Apple Ever since updating my iPhone 7 to iOS13, my speaker icon is greyed out and I can't take our make calls. My iPhone 8 was dropping calls till the latest update. Found a few threads about the iPhone 7 issue and apparently Apple is aware but won't fix what they broke ğŸ¤·ğŸ¾â€â™‚ï¸. Nonsense!
RT @AlyciaTyre: The iPhone 8+ is better than the IPhone 11, Iâ€™m disappointed
RT @YourRadiantDoc_: We have enough money for daaru, movies, branded T-shirts and jeans, iPhone but not 300/- for hostel fees

JNU "studentâ€¦
#ãƒ‘ã‚½ã‚³ãƒ³ãƒˆãƒ©ãƒ–ãƒ« å‡ºå¼µã‚µãƒãƒ¼ãƒˆãªã‚‰ã€Œãƒ‘ã‚½ã‚³ãƒ³ç›´ã—éšŠã€ã¸ãŠæ°—è»½ã«ã”ç›¸è«‡ãã ã•ã„ã€‚å®‰å¿ƒä¾¡æ ¼ä¿è¨¼ã€‚ã€iPhoneã®åŒæœŸæ–¹æ³•ãŒã‚ã‹ã‚‰ãªã„ã€ãªã©ã€ã©ã‚“ãªã«å°ã•ãªã”ç›¸è«‡ã§ã‚‚ãŠå¾…ã¡ã—ã¦ãŠã‚Šã¾ã™ã€‚ã‚‚ã¡ã‚ã‚“ã”ç›¸è«‡ãƒ»ãŠè¦‹ç©ã‚Šã¯ç„¡æ–™ã§ã™ã€‚https://t.co/CLjokxyGU5
RT @noaskimemnu: Herkese merhaba 
YoÄŸun istek Ã¼zerine muhteÅŸem bir Ã§ekiliÅŸ ile karÅŸÄ±nÄ±zdayÄ±z, umarÄ±m beÄŸenirsiniz
iPhone 11 64 GB
Bizi takiâ€¦
Check out Flower of Love https://t.co/2mEkxfiWnm  from the app https://t.co/fiVTkNyB6H #floweroflove #music #applemusic #iTunes #Love #apps #lovetest #funny #fun #iphone #ipad #newapp #ios #apple #app #cheap #fun #appstore #test #darling
@MiriThais1 Eu mesma vendo o iPhone baixando o preÃ§o e eu sem um real
I just went through my @Apple iPhone settings...the amount of random data it collects without telling you is kinda terrifying.
RT @noaskimemnu: Herkese merhaba 
YoÄŸun istek Ã¼zerine muhteÅŸem bir Ã§ekiliÅŸ ile karÅŸÄ±nÄ±zdayÄ±z, umarÄ±m beÄŸenirsiniz
iPhone 11 64 GB
Bizi takiâ€¦
@Krisincleveland @3Days3Nights They â€œusedâ€ to have an iPhone app you could buy but it was withdrawn.
Then I heard the there was an Android app, but youâ€™d have to check the availability at the Play Store?
Iâ€™m just surprised &amp; thankQful mine works! ğŸ‡ºğŸ‡¸
@__THE_PLUG__ @jamotech12 People on this app are dumb ..so because u use iphone u don turn billgate abi...if u no no jamo...jamo fit sponsor ur education no cap
Anyone have an iPhone and want to text ? DM me your number ! Looking for new people to talk to. #iphone #imessage #new #Apple #chat #NewRelease #sugardaddytwitter #sugardaddywanted #sugarbabywanted #SugarBabyTwitter
RT @CyberDyne___JP: ï¼¼æ–°ç™ºå£² è¨˜å¿µï¼ï¼
ğŸ“±æ‡¸è³ï¼†ãƒ—ãƒ¬ã‚¼ãƒ³ãƒˆã‚­ãƒ£ãƒ³ãƒšãƒ¼ãƒ³ğŸ“±

ã€Apple iPhone 11 / Pro ã€ãŒ
æŠ½é¸ã§3åæ§˜ã«å½“ãŸã‚‹ï¼

ğŸ“å¿œå‹Ÿæ–¹æ³•
1âƒ£ æœ¬ã‚¢ã‚«ã‚¦ãƒ³ãƒˆã‚’ãƒ•ã‚©ãƒ­ãƒ¼
2âƒ£ ã“ã®æŠ•ç¨¿ã‚’RTâ™»ï¸

ğŸå¿œå‹ŸæœŸé–“ã¯11æœˆ15æ—¥ã¾ã§ğŸâ€¦
ãƒ¢ã‚¤ï¼iPhoneã‹ã‚‰ã‚­ãƒ£ã‚¹é…ä¿¡ä¸­ - èª°ã‚‚çŸ¥ã‚‰ãªã„å®šé£Ÿå±‹ãŒæ¬²ã—ã„ã® https://t.co/yIEaNPmcgr
RT @LiberalsOfDelhi: Daughter returned from her hostel in JNU in a fit of rage, driving her Audi at 120 kph, slammed her iPhone on the tablâ€¦
RT @FastCompany: Consumers in China bought $14 million worth of iPhone 11s. https://t.co/4I5e3y0csj
ã€å°èª¬ã€‘é€†ç—´æ¼¢ã«ã‚ã„ã¾ã—ãŸhttps://t.co/VV8sJGK3GH
@hsieh_zachary I like the turkey iPhone 11 and the fire one
RT @BTS_Peru: Los animamos a comprar MAP OF THE SOUL: PERSONA de @BTS_twt si aÃºn no lo han hecho y tienen la posibilidad de hacerlo ğŸ¤

Recuâ€¦
RT @Clara_Stvndlet: Mi madre nunca me va a regalar un iPhone a cambio de votar 

porque ya me regalÃ³ una buena educaciÃ³n que me permite votâ€¦
RT @Clara_Stvndlet: Mi madre nunca me va a regalar un iPhone a cambio de votar 

porque ya me regalÃ³ una buena educaciÃ³n que me permite votâ€¦
my grandpa once said that whenever iâ€™m anxious i need to remind myself that when i was 16 i used find my iphone to track down the person who stole my phone, found their house, knocked on their door, and demanded they give it back. and i live by that.
RT @MolotovBangtan: @btschartdata I don't know if people are aware that you don't need an iPhone or a Mac to buy on itunes. You can downloaâ€¦
RT @GlodeJo07: Cuando lean a los comunistas de iPhone quejarse de que lo de Evo Morales es una conspiraciÃ³n, ensÃ©Ã±enle Ã©ste vÃ­deo, mÃ¡s de 2â€¦
RT @GlodeJo07: Cuando lean a los comunistas de iPhone quejarse de que lo de Evo Morales es una conspiraciÃ³n, ensÃ©Ã±enle Ã©ste vÃ­deo, mÃ¡s de 2â€¦
el iphone 11 el xr o el x1 cual me compro? Ah!
@lilspicynoodle @MrsHimejima This way i can't ft or play games w y'all smelly iPhone users
"OjalÃ¡ fueras iPhone pa' tocarte todo el dÃ­a."

JAJAJAJAKSJDKAJSJSJAKSJAKSJAJJAJSJAJSJAJAJAJAJAJAJAJAJSKAJSKKAJSJAJSJAJJAJAJAJASJJSSJSJSJAJAJAJAJAJAJJASKAKAKJAJAJAKAKAKKA XDXDDXDXD
RT @Clara_Stvndlet: Mi madre nunca me va a regalar un iPhone a cambio de votar 

porque ya me regalÃ³ una buena educaciÃ³n que me permite votâ€¦
eu nÃ£o acredito que quebrei outro carregador de iphone
ç¦å²¡çœŒã®ç³¸å³¶ã®ç´…è‘‰ã ã£ã¦ã€‚
ã‚«ãƒ¡ãƒ©å¥½ãå¥³å­ã€iPhoneæ’®å½±ã§ã‚‚ã•ã™ãŒã®ã‚¯ã‚ªãƒªãƒ†ã‚£ã€‚
ç™’ã—ã‚’ã‚ã‚ŠãŒã¨ã†ã€‚

æ€ã„ã¤ã„ãŸã‚“ã ã‘ã©15æ—¥ã®ã‚¹ã‚¿ã‚¸ã‚ªé…ä¿¡ä½•ã‹ã—ã‚‰ç›®æ¨™ä½œã£ã¦é”æˆã—ãŸã‚‰ã€è²¸ã—åˆ‡ã‚Šé¢¨å‘‚ï¼†è²¸ã—éƒ¨å±‹ãŒã‚ã‚‹æ¸©æ³‰ã‚ã‚‹ã‹ã‚‰ãã“ã§é…ä¿¡ã—ãŸã‚‰æ¥½ã—ãã†ï¼ãã“ãªã‚‰æµ´è¡£ã§ãƒ“ãƒ¼ãƒ«å‘‘ã¿ãªãŒã‚‰é…ä¿¡ã§ãã‚‹ã—â˜ºï¸â˜ºï¸ https://t.co/CUdCHJ3Ybi
Hello @jermsvick time to get an iPhone since your phone keeps freezing ğŸ¤£ğŸ˜Œ
@AlphaDollar_ @HelperFN_ El heate de iphone
iPhoneãŒæœ€åˆã®ãƒªãƒ³ã‚´ãƒãƒ¼ã‚¯ã‹ã‚‰å…ˆã«é€²ã¾ãªããªã£ãŸã€‚å›°ã£ãŸã€‚
RT @br_dadepressao: Iphone 11 / Samsung https://t.co/dfAGonMEDK
RT @Celianthe: Pour prÃ©server lâ€™Ã©tat de votre batterie (Iphone):

-Ne chargez pas vos tÃ©lÃ©phones tant quâ€™ils ne sont pas Ã +-20%

-Chargez vâ€¦
RT @Sweetest_Love04: Guess who found out you didn't need an iPhone to buy from iTunes and can now fully participate in the party ğŸ˜‚..... leaâ€¦
Check my new #photography #nikon #iphone instagram https://t.co/58hJLESuc0
RT @qwerty_bin: TAK HARGA IPHONE NI BRAPA SBNRNYA??!?!?! https://t.co/zZRPLJbQ5y
Los usuarios de iPhone pueden estar montando una comunidad secreta a punta de los emojis que no podemos ver los demÃ¡s.
RT @Sweetest_Love04: Guess who found out you didn't need an iPhone to buy from iTunes and can now fully participate in the party ğŸ˜‚..... leaâ€¦
RT @Sweetest_Love04: Guess who found out you didn't need an iPhone to buy from iTunes and can now fully participate in the party ğŸ˜‚..... leaâ€¦
RT @artzpjm: o taehyung tem a peste de um iphone 11 com 3 cÃ¢meras e fica de ENFEITE pq nÃ£o Ã© possÃ­vel que o ano vai acabar sem uma selca deâ€¦
RT @LearnTo73637432: @dogstar7tweets @RBReich Or invent the iPhone or Windows or social media or efficient delivery of useful household gooâ€¦
RT @Sweetest_Love04: Guess who found out you didn't need an iPhone to buy from iTunes and can now fully participate in the party ğŸ˜‚..... leaâ€¦
RT @qwerty_bin: TAK HARGA IPHONE NI BRAPA SBNRNYA??!?!?! https://t.co/zZRPLJbQ5y
RT @Aytekntsoz: Bir ÅŸeyi silmek Ã¼zereyken iphone uygulamalarÄ±m https://t.co/FPiDIrfbtG
ã‚¢ã‚¤ãƒ•ã‚©ãƒ³ãƒ‰ã‚¯ã‚¿ãƒ¼ç¦å²¡ä»Šå®¿åº—ã¯ä»Šå®¿é§…ã‚ˆã‚Šå¾’æ­©1åˆ†ã€‚ãŠè»Šã®æ–¹ã‚‚å®‰å¿ƒã€‚é§è»Šå ´ãŒã”ã–ã„ã¾ã™ã€‚
ç”»é¢å‰²ãªã©ã®ä¿®ç†ã‚„æ“ä½œæ–¹æ³•ãªã©iPhoneã«é–¢ã™ã‚‹ã“ã¨å…¨èˆ¬æ‰¿ã£ã¦ãŠã‚Šã¾ã™ã€‚
å–¶æ¥­æ™‚é–“12æ™‚ã€œ18æ™‚ï¼ˆæ™‚é–“å¤–å¯¾å¿œå¯èƒ½ï¼‰
æ¯é€±æ°´æ›œæ—¥å®šä¼‘
ã”æ¥åº—ãŠå¾…ã¡ã—ã¦ãŠã‚Šã¾ã™ã€‚
RT @_FarhanahJamil: iPhones are so overrated... If I had to choose between these two, Iâ€™d choose iPhone. https://t.co/yaWE1lDd5o
RT @BTS_Peru: Los animamos a comprar MAP OF THE SOUL: PERSONA de @BTS_twt si aÃºn no lo han hecho y tienen la posibilidad de hacerlo ğŸ¤

Recuâ€¦
RT @BTS_Peru: Los animamos a comprar MAP OF THE SOUL: PERSONA de @BTS_twt si aÃºn no lo han hecho y tienen la posibilidad de hacerlo ğŸ¤

Recuâ€¦
ãƒ¢ã‚¤ï¼iPhoneã‹ã‚‰ã‚­ãƒ£ã‚¹é…ä¿¡ä¸­ -
ãŠã†ã¡ã‹ãˆã‚‹ã ã‘ https://t.co/tOv7vr1VbP
RT @hsieh_zachary: Giving away the first custom iPhone 11 to someone on ig or twitter on November 14th!! RT if you want one â¤ï¸â¤ï¸â¤ï¸
RT @Sweetest_Love04: Guess who found out you didn't need an iPhone to buy from iTunes and can now fully participate in the party ğŸ˜‚..... leaâ€¦
RT @alexlobaloba: I heard plans for #LagosTwitterHangout are in top gear.

Just so you know, some of us don't have Airpods, some of us arenâ€¦
Wish i had somebody i could ft whenever like tf I gotta iPhone for ? ğŸ˜­ğŸ˜‚
RT @Sweetest_Love04: Guess who found out you didn't need an iPhone to buy from iTunes and can now fully participate in the party ğŸ˜‚..... leaâ€¦
Most of the people talking about their struggle on this app is talking from their iPhone using uncapped WiFi ğŸ’€ğŸ’€
RT @httpcyst: Iphone 11 Giveaway! ( from hongkong )

â€¢ like

â€¢ retweet

â€¢ follow me ( @httpcyst )

â€¢ turn on notification bell

â€¢ comment "â€¦
Promote your #apps on #Facebook on my page about #iphone and #android to 155k fans for $5 #fiverr https://t.co/8ZGOB9F98B
RT @Sweetest_Love04: Guess who found out you didn't need an iPhone to buy from iTunes and can now fully participate in the party ğŸ˜‚..... leaâ€¦
RT @YourRadiantDoc_: We have enough money for daaru, movies, branded T-shirts and jeans, iPhone but not 300/- for hostel fees

JNU "studentâ€¦
iPhones are getting thousands of new fonts from Adobe https://t.co/RmFwEDfHZ6 https://t.co/PvPVocLyZT
RT @BTSxBRAZIL: â€¼ï¸B-ARMYS QUE NÃƒO TEM IPHONEâ€¼ï¸

VocÃªs podem comprar, se puderem, o MOTS: PERSONA pelo aplicativo para o windows/iTunes Deskâ€¦
RT @br_dadepressao: Iphone 11 / Samsung https://t.co/dfAGonMEDK
Natal chegando e o sugar daddy disse q eu tenho q me dedicar pra merecer meu iPhone https://t.co/gYFLISMX1B
ä»Šè©±é¡Œã®é˜²æ°´ã‚±ãƒ¼ã‚¹ iPhone Android

https://t.co/xZO6XBSdd8
How to transfer music, podcasts and calls between iPhone and HomePod - https://t.co/tZwLceIc6G https://t.co/o1ZEHdXgGI
RT @Sweetest_Love04: Guess who found out you didn't need an iPhone to buy from iTunes and can now fully participate in the party ğŸ˜‚..... leaâ€¦
RT @alfuckuhard: In Korea and I lost my iPhone X in a club at Seoul and tell me why Jungkook from bts had my iPhone and said "here's your pâ€¦
@HelperFN_ Esta comprobado que no, almenos con mi movil comparado con el iphone 11 de un amigo no son ni de lejos los mismos
Antara Signature iphone 11 dan 11 pro max ada cameranya yang mempunyai â€œnight modeâ€. Korang peecaya tak yang phone korang (5s - Xs max) juga mampu untuk mempunyai night mode without itunes n jailbreak? 20rt n aku akan cerita. Aku pakai ip X

Camera biasa              Night mode https://t.co/Gzd0XJVNal
RT @hsieh_zachary: Biggest video i've made so far is dropping on my channel tomorrow! Last iphone vid hit 1 mill+ likes so as promised, givâ€¦
Price drop: "Solunar Best Hunting Time" on sale for #iPhone #iPad $2.99 &gt;&gt; $1.99 https://t.co/CBypG873OS https://t.co/DPEfysQeSl
RT @mumeikoya: æœ€æ–°iPhone ã‚‚ã‚‰ã£ã¦ãã‚Œã‚‹äººã„ã¾ã›ã‚“ã‹ï¼Ÿ

ä»Šæœˆä¸­ã«ä½™ã£ã¦ã‚‹ã„ã‚‹åœ¨åº«ã‚’å…¨ã¦å‡¦åˆ†ã•ã›ã¦é ‚ãã¾ã™

iPhone X 
iPhone XS MAX
iPhone 11 
iPhone 11 Pro

ãŒå¤§é‡ã«ä½™ã£ã¦ã„ã¾ã™

@mumeikoyaâ€¦
RT @nichcarlson: Apple reportedly revealed the devices it expects to replace the iPhone during a secret employee meeting in October https:/â€¦
@vijayshekhar Is khushi mein iPhone free mein de do
RT @hsieh_zachary: https://t.co/zHQD5BRvE2
RT if you want to win one of these 20 iPhone 11s!!! I literally bought 20, customized them, andâ€¦
@Sestaa_ Vou manter me no iPhone ğŸ¤£
#NowPlaying Nina Simone - Come On Back Jack. #Listen online on https://t.co/AOVhalsP8b or download the iPhone app https://t.co/navUSpB8hc
RT @hsieh_zachary: Giving away the first custom iPhone 11 to someone on ig or twitter on November 14th!! RT if you want one â¤ï¸â¤ï¸â¤ï¸
RT @hsieh_zachary: Giving away the first custom iPhone 11 to someone on ig or twitter on November 14th!! RT if you want one â¤ï¸â¤ï¸â¤ï¸
â–¶ Te enseÃ±amos, con todo lujo de detalles y en menos de un minuto, esta original funda de #Adidas para #iPhone ğŸ˜‰ https://t.co/N0GtncJM59
RT @Sweetest_Love04: Guess who found out you didn't need an iPhone to buy from iTunes and can now fully participate in the party ğŸ˜‚..... leaâ€¦
Ma sÃ©lection de coques, Ã©tuis, accessoires pour iPhone 11

#coque #etui #accessoires #protection #support #vitre #batteries #test #Bluetooth 

#iPhone11

#jcsatanas 

https://t.co/1a7pfGSi0L https://t.co/Acz8663se2
#mobile #App #download #Speedbox #Digital #Speedomete #iphone https://t.co/a6ET8enJMc
Los Reyes de la MaÃ±ana @cesargarciaradi y el @Chelegonzalez te esperan en el Centro de CapacitaciÃ³n Profesional de Alexandria VA. El show completamente en vivo 6am-10am regalando un iPhone 11. https://t.co/vWM1ZOWmT5
RT @Owen_TheSaints: Iâ€™m selling my iPhone X if you want it. 6.5k and itâ€™s yours. Itâ€™s a year old. No physical damage.
@Mogotthejuice Hi! We want to help with your iPhone 11. Can you provide details on what exactly youâ€™re experiencing? What iOS is currently installed? Is it iOS 13.2.2?
RT @qwerty_bin: TAK HARGA IPHONE NI BRAPA SBNRNYA??!?!?! https://t.co/zZRPLJbQ5y
RT @tzumile: Sana switched to her new iPhone but she's having a hard time setting it up.

"What should I do with this device"
"Should I jusâ€¦
ã ã‹ã‚‰ä¸€èˆ¬çš„ãªé«˜æ ¡ç”Ÿã¨ã‹ã¯ã‚¹ãƒãƒ›ã¯å®‰å®šã®iPhoneã§ã€å‹‰å¼·ã™ã‚‹ãŸã‚ã«iPadã‚’è²·ã£ã¦ã‚‚ã‚‰ã„ã€ãã®ã¾ã¾é †èª¿ã«ãƒªãƒ³ã‚´ä¿¡è€…ã«ãªã‚‹ã£ã¦ã„ã†ã®ãŒå‡ºæ¥ã¡ã‚ƒã£ã¦ã‚‹ã‚“ã ã‚ˆã­
RT @BGR: A single $10 cable can charge your iPhone and your Apple Watch at the same time https://t.co/oB9BWuwHSL https://t.co/hx0siNhYvX
RT @JWADTINGZ: iPhone was her hardest verse of 2019 no debate  https://t.co/rKaCo4r1Y4
RT @PandaGifter: Weâ€™re giving away 2 iPhone 11 Pro Max 256 GB!ğŸ“± 

How to enter: 
- Like &amp; Retweet
- Follow Me (@PandaGifter)
- Turn on my nâ€¦
RT @hsieh_zachary: Giving away the first custom iPhone 11 to someone on ig or twitter on November 14th!! RT if you want one â¤ï¸â¤ï¸â¤ï¸
RT @1PXTS9dWuxGGiK0: ãƒ—ãƒ¬ã‚¼ãƒ³ãƒˆä¼ç”»
iPhone 11Proã§ã™ï¼

iPhone 11 Proã‚’5åã•ã¾
â€»è‰²ã¯æŒ‡å®šã§ãã¾ã›ã‚“ï¼

å‚åŠ æ–¹æ³•
ãƒ•ã‚©ãƒ­ãƒ¼ï¼†RT

å¿œå‹ŸæœŸé–“
11æœˆæœ«

å½“é¸è€…æ§˜ã«ã¯DMã«ã¦ç›´æ¥ã”é€£çµ¡ã„ãŸã—ã¾ã™ã€‚ https://t.co/Jâ€¦
RT @GlodeJo07: Cuando lean a los comunistas de iPhone quejarse de que lo de Evo Morales es una conspiraciÃ³n, ensÃ©Ã±enle Ã©ste vÃ­deo, mÃ¡s de 2â€¦
pero es que no mg ni el iphone morado ni el verde ni el rojo ni el amarillo ğŸ™ƒ
RT @ReaperGiveaway: We are gonna be giving away 3 Iphone 11 to 3 lucky winners! 

To Enter:
Like &amp; Retweet
Follow me
Turn my notificationsâ€¦
RT @pullupnghost: E aquelas pessoas q dizem q preferem Android mas dps andam c fones do iPhone
Chocada com a cÃ¢mera do Mi A3 bate muito com a cÃ¢mera do iPhone X
RT @Sweetest_Love04: Guess who found out you didn't need an iPhone to buy from iTunes and can now fully participate in the party ğŸ˜‚..... leaâ€¦
RT @Ostraca_EU: The Best iphone Deals ==&amp;gt;&amp;gt; https://t.co/x7zwiNFvne
#8 https://t.co/n6nAhCaiG5
RT @shashanuratiqa: why everyone buying iphone 11 like its goreng pisang 3 singgit sia
Mis hermanas con iphone y yo la Ãºnica pobre con el j7 todavÃ­a jajajaja
RT @peytnhaag: if u ever need to get my attention just play the iphone alarm noise cause that shit sends me into fight or flight mode no maâ€¦
RT @Celianthe: Pour prÃ©server lâ€™Ã©tat de votre batterie (Iphone):

-Ne chargez pas vos tÃ©lÃ©phones tant quâ€™ils ne sont pas Ã +-20%

-Chargez vâ€¦
RT @RayyaanAli1: Wallahi the iPhone alarm is probably the worst thing Iâ€™ve ever heard in my life it acc stresses me out I hate hearing it
Â¿Un payaso que ayer me empezÃ³ a increpar por ig diciendo que quienes tienen un iPhone no tienen derecho a quejarse de la privatizaciÃ³n de la educaciÃ³n?
@tayubsalamat @XavierNaxa @SuperSaf Using and iPhone emoji
RT @RayyaanAli1: Wallahi the iPhone alarm is probably the worst thing Iâ€™ve ever heard in my life it acc stresses me out I hate hearing it
RT @qwerty_bin: TAK HARGA IPHONE NI BRAPA SBNRNYA??!?!?! https://t.co/zZRPLJbQ5y
RT @qwerty_bin: TAK HARGA IPHONE NI BRAPA SBNRNYA??!?!?! https://t.co/zZRPLJbQ5y
Ehlisa kancane iphone oe... https://t.co/16Vnz08ZTW
RT @Apple: The brightest, sharpest iPhone display ever. Meet iPhone 11 Pro.
RT @Clara_Stvndlet: Mi madre nunca me va a regalar un iPhone a cambio de votar 

porque ya me regalÃ³ una buena educaciÃ³n que me permite votâ€¦
@LeoKolade Pele o. IPhone user.
@PapiDaFreddy You pay for yo iPhone lease??
1 aydÄ±r full instagramda iphone Ã§ekiliÅŸlerine etiketleniyorum
RT @accc97: à¹ƒà¸„à¸£à¸¡à¸¹à¸Ÿà¸­à¸­à¸™à¹„à¸§à¹„à¸›à¹‚à¸«à¸§à¸•à¸à¸±à¸™à¸•à¹ˆà¸­ à¸¢à¸±à¸‡à¸¡à¸µà¸‡à¸²à¸™à¸«à¸¥à¸±à¸à¸£à¸­à¸­à¸¢à¸¹à¹ˆ

VLIVE &gt; 14/11
â€¢ https://t.co/wemFUjrYMt 

AMA &gt; 20/11
â€¢ https://t.co/GOiclaJQhG 
â€¢â€¦
RT @Clara_Stvndlet: Mi madre nunca me va a regalar un iPhone a cambio de votar 

porque ya me regalÃ³ una buena educaciÃ³n que me permite votâ€¦
RT @Sweetest_Love04: Guess who found out you didn't need an iPhone to buy from iTunes and can now fully participate in the party ğŸ˜‚..... leaâ€¦
@SidemenClothing when are you coming out with iPhone 11 phone cases?
Review: Microsoft Cortana reading email aloud on an iPhone is surprisingly useful, to aÂ point https://t.co/ffvpRuYFX0 https://t.co/9O84a3ZK59


Hello all,

I'll keep it short and sweet. Lately I've been wondering what the fucking point of it all is. I don't care about getting a better job. Oh great, more money for more dumb shit. I don't care about getting a relationship anymore. I don't care about "improving my life" whatever that means. I just want to grab a few million, buy some den in a remote location, and fuck around by myself for the rest of my life. 

Also yeah let me point out the obvious. "Wow you sound depressed bro" yeah no fucking shit. Call it depression call it being overly cynical whatever. I don't want to kill myself. I just don't want to put effort into shit I don't care about anymore. It sucks that we need to make this many dollars a month to survive in this life. Like you almost need to devote the prime years of your life to  a corporation or employer or entity to get access to your time. Can't wait for my fake retirement at age 75. Boy those are gonna be good times. No one is allowed to just say fuck it anymore. You're called a loser and a leech and selfish. You're ostracized by friends and family. You're a bum. Fuck that. There's not even enough jobs to go around. But no let's make people go back to school to get into debt for some degree they don't give a shit about for a job they don't give a shit about. Not like a robot will be doing it anyway in a few years.  

Why the fuck should I give so much of my time to a society that could give two shits about me whether I exist or not? Is that just the way things are? I guess I should be grateful I wasn't born in medieval europe as an indentured servant. Although I still am one, just with a car and an iPhone 57. 

Sorry for the dumbass rant. Lately I've just been fed up with shit and I just want to be a shut in now. Some may relate, some may think I'm being an immature cunt who needs to grow the fuck up and learn that you're entitled to nothing in life. Fair point, but it doesn't stop me from seeing how pointless this shit is.


Anyone have any experience with anything like this?
Hi, my iPhone 8 got stolen recently and I was thinking of buying a Pixel 3a since I really appreciate camera quality.  
How good is the front camera, compared to the Pixel 3 for example?  
I know the 3a has one camera instead of two, but is it as high-quality as the 3? I'm asking this because many reviewers only talk about the rear camera

Thanks
I first posted this on r/nosurf and was told people here would appreciate it as well.

First I have to mention that this method only works on the iPhone at least for now.

So I was looking for a method to stop looking at my phone so much throughout the day, and I realized the iPhone already had exactly what I needed, which is setting daily time limits on the apps I wanted. This is done in ScreenTime which is found in Settings. The problem is it just gives you a notification that you have reached the time limit.

The solution to this is to set a passcode, now when you reach the time limit you will get asked the passcode. But obviously if you know the passcode you can ignore the time limit just as easily.

So as a developer I got my hands to work and created a simple web app tool(100% free). This tool generates passcodes for you to use in ScreenTime, once you set your passcode you go back to the tool and theres a little memory game that is designed to make you forget the passcode you just used. The web app wont show you the passcode again until 20 hours later (feature to show the passcode until specific date coming soon).

Now I just feel free, with a lot more time to enjoy and do productive things. I realized the phone was taking way too much time. I also believe that the dopamine generated from social networks and messages in the phone make real life look a bit boring. So I take phone addiction as something serious, thats why this tool is free for all to use.

The web app: https://passcode-generator.herokuapp.com

A small tutorial: https://youtu.be/winhwnpOUpk

I hope this tool helps you as much as it did to me. It really changes your life and perspective when you stop using your phone almost entirely!
Any tips or things i should look out for?
I have a ton of cases and I'm bored with all of them so I decided to use my 8 plus without a case for a while to see how I like it. The temperature is dropping significantly so I was wondering if the phone is hard to grip/more slippery in the winter time. 

What do you think and what phone do you use?
I have Xfinity Mobile (runs on Verizonâ€™s cell towers) for my Apple Watch. Every morning, i go for a run with only my AW, leave the iPhone behind, and as soon as i exit out WiFi the AW cellular gets untoggled automatically and it says i am disconnected.  I have to toggled it back on, it happens every time. Called Apple support and they advised to unpair the AW and reset - that didnâ€™t work. I need help fixing this, going to comcast customer service is the worse. Has anyone had a similar experience? Any solutions? Running on latest WatchOS 6.1.

A chunk of the storage in the little graph in settings is under OTHER and it is a darkish gray unlike Apps, Media, Photos, Ect

I also notice another, lighter gray that is unspecified storage that has been taken up

Virus?
So, i Have an iPhone 6s plus iOS 12.3.1  


I just downloaded checkra1n beta 0.92 jailbreak update and everything ran smooth and fine.  
I was able to download Cydia and it, itself, works as supposed to.   


Whenever I download an app tho the icon will show up but when I click it the app will open and close in less than a second.  
I also can't seem to uninstall the apps after installing them. Even if uninstalled in Cyndia the icons remain for some reason.  


I know its only been a few days since iOS 12.3.1 is jailbreakable, could this be an update problem with Cyndia or the apps?  


I've been googling this for the last two hours but none of the solutions i find seem to help and most involve Cyndia apps that arent downloadable or buyable in my iOS version :+(  


Is there a way to fix this?

Iâ€™m having a weird problem - 13.2.2 iphone 8 checkra1n 9.2 - when I install apps through Cydia (NewTerm2, for example), they donâ€™t show up on Springboard. Any suggestions on why and what I might try to fix this issue? Thanks.
So here's the deal.

i switched to rogers from my old provider because i got a 20% discount at the time. had to constantly call in to have the discount added back because each month it'd be "magically accidentally removed". I no longer work for the company that was giving me that discount so i no longer have it. i knew my bill would go up, but not this much.

Me and my sister are on the same plan. we have 2 pohones and 2 tablets. none of these are paid off :

&amp;#x200B;

x1 Samsung S10, on it's current plan costing, 140.00

x1 Iphone X on it's current plan costing 85.00

x1 Samsung Tab-A costing 22.50

x1 Ipad Costing 30.00

I figured everything with tax would be coming out to about \~300.00 or so, which is still really high as all hell. i understand that these device are not paid off , but the prices above are supposed to include the device cost as well. when i was on the discount it was around \~240 for all 4 devices which is not too terrible.

&amp;#x200B;

however, the bill keeps coming in as above \~400.00 this month it was \~410.00, before it was 480.00! there were some occasional text to family in the states and a single call that cost $8.00 that my sister made. but that's it. Rogers cannot tell me why the bill is as high as it is and will only say it's accurate.

&amp;#x200B;

they said to  switch us on to the unlimited plans to "save us money" but the plans cost the same amount as my old plans so there is no savings what so ever. I'm on 20, becasue i use my device alot at school and on the transit there. my sister is on the 10 gb.

&amp;#x200B;

What makes it even worse is that where i go to school (College) there is absolutely no rogers cell signal, and i'm there 50% of the day monday-friday. 10% of the time i get Emergency calls only, the rest it says No Service. "We don't have a tower in your area.", they say, so they tell me to use the school's wifi to do everything, which i cannot use because the transmission and security protocols the schools network uses do not work on my android device. so i'm paying for services that i can't even use more than half the time.

&amp;#x200B;

I feel trapped. i'm a college student and i can't just pay off these devices, yet i can't even use them. there's over 2000+ owing total on all 4 devices, although only 800 or so is mine, i still cannot just go pay them off. 

&amp;#x200B;

how can i go about lowering my bill? i hate to say this but i'll be leaving rogers if it cannot be lowered. yes i owe money still, buton an unrelated note, my mother fucked up my credit (which is for another story) so i already have bad credit. adding this to it would make much difference. eventually i would pay it off of course.

&amp;#x200B;

any ideas guys? thanks.
So I decided to get a used Apple Watch s3 from eBay next April. (My birthday.) I have a couple of questions that I would love to be answered.
 1. Can you use the radio function offline? Or does it have to be connected to wifi? 
2. Everyone says that the display on s4 is way better. Is that true? 
3. Is the vibrations and notification too loud that it would disturb me in class?
 4. If I didnâ€™t use the workouts that much, would I get about 2 days of wearing? 
5. The new â€œScreen Timeâ€ thing on iPhone and iPads, does it connect to the Apple Watch if it is on your iCloud account? And if so, what apps are declined automatically? 
Thank you!
Hi guys, using method 1 and phone number works great. Downside is only to some people will my message send otherwise it just gives the error exclamation point. Any ideas? Using S9+, ATT, Mac mini server and iPhone 6 with inactive SIM.
I bought the IFIXIT Pro Tech Toolkit so I could replace the screen and battery on my iPhone 6s, and I noticed it came with an anti-static wrist band. I hadn't considered static for this repair before seeing the band, but now I'm curious. 

Should I wear this wrist band and ground it to carry out the screen and battery replacement ? Should I be doing this procedure on an anti-static mat? Or are these only precautions I'd need to take when working with more sensitive components?

Any advice you've got is appreciated!
Hi all,

I was just on a conference call with some BIG potential clients. Like LIFECHANGINGLY big. I was on my bluetooth headset but suddenly the call went dead. I soon realized it's because my wife started the car in the driveway AND THE CALL TRANSFERRED TO HER IN THE CAR.

It looked incredibly unprofessional and I wasn't able to get back into the conference call. Thankfully I seem to have salvaged the situation. But I need to make sure this never happens again. 

How can I make sure that my call stays on the bluetooth device that I'm using and never transfers to another one?
Hello everyone,

Up for sale is an iPhone XS, 256GB, Space Gray, and Unlocked. Itâ€™s battery health is at 100% as it was replaced recently â€” which also means it has virtually no scratches!

**With PayPal, Iâ€™ll take $700 + PP fees if necessary &amp; shipping**

If interested, please PM if you have any questions or if youâ€™d like to get this beauty

Photos:
- [Front](http://u.cubeupload.com/ytzilssb/1154BE8FF1E44F13B80B.jpeg)
- [Back](http://u.cubeupload.com/ytzilssb/449476F4FD24445FAD0E.jpeg)
- [Top](http://u.cubeupload.com/ytzilssb/C1B6F6A59E82431BBE3C.jpeg)
- [Bottom](http://u.cubeupload.com/ytzilssb/DA827A8267AD468E8C24.jpeg)
- [Left side](http://u.cubeupload.com/ytzilssb/EDAFB043FA6A466DA160.jpeg)
- [Right side](http://u.cubeupload.com/ytzilssb/63E30BD1822547D69472.jpeg)
- [Timestamp](http://u.cubeupload.com/ytzilssb/8CF7539A70D54DCEAF27.jpeg)
- [Battery health](http://u.cubeupload.com/ytzilssb/21FA6B5FA2D74AEFBC60.jpeg)
I am on Verizon and thinking of switching 4 lines to T-Mobile
Hey guys,

I'm really interested in getting the iPhone xr. I'm coming from Android (Google pixel 3xl) with an OLED display. 

Is the display really not that good? I use dark mode for the most part. I know the xr has stellar battery life. 

Let me know your opinions!

Thanks.
I literally cannot play for longer than 20 seconds without it crashing. Worthless.

And I have done everything suggested by the helpdesk, including deleting and re-downloading the app. Nothing works.


How do I fix this? I'm not particular at this point on the JB method, just want my tweaks back.
Iâ€™m just using the basic iPhone app right now. Does anybody know of a good app with similar features to podcast addict like â€œskip silenceâ€ or listening time?

I'm wondering if I should be using a VPN while streaming things that I have downloaded. Will the ISP I'm using on my iPhone not like that I am streaming a downloaded file? Will the ISP where my NAS is not like that I am streaming a downloaded file? I can use VPN but then it disables my port forwarding rules which makes video station slow.

I have a DS918+ btw. If it makes it any easier, I also have a Synology RT2600AC as my router.

download here on iphone [imoney](https://static.tryimoney.com/html/web_static/share/index.html?code=141524/)

I downloaded a tweak that was not compatible with iOS 13 and it crashed the device. When I attempted to reset it, it was stuck in a bootloop.

I am on an iPhone 7+

Cheers!


Just got done waiting for a girl that was 2 hours late and spotted surfing SA (Online status).  She cancelled last two dates, so I should have been suspicious, she has gone radio silent now.  Second time this has happened to me since upgrading 10 days ago.

I am usually pretty good about ID verifying (ask for a selfie where their face is visible and make the peace sign), but I guess I let my guard down on this one, never again.  (I use Google Pixel 4XL so iPhone facetime is not an option)

Must be a lot of hurt girls trying to seek their revenge on unsuspecting guys by creating free fake accounts on a website that does not make photo verification a requirement.
