[User Content] Celebrities &amp; Public Already Wearing G-Dragon's Nike Shoes &amp; It Becomes a New Trend Before Official Release
https://t.co/1RNbLUyGoy https://t.co/PpzDBNFp5k
Nike introduces @Shaquemgriffin Flyease football cleat.

Shaquem, who has only one hand,Â has been anÂ integral part of the process to develop Nike's first FlyEase football cleat, which he will wear tonight during his Monday Night Football game. https://t.co/89pypnc5B8
DAY 2 #OtherPeopleChallenge

On set today shooting a music video, happy i didnâ€™t get all my white clothes dirty LOL and finally wore my @acoldwall x @Nike #af1 for the first time! I love shoes.... yes this is also an #ootd photo ğŸ¥° https://t.co/MhCSJxutM7
@finichols I wear nike not filuuuh
RT @oldvx: entre namorar e comprar um tenis novo eu iria escolher um nike 

e voc
RT @Zakeemcee: Imaginons tu gagnes 1500 par mois tu mets des Nike Ã  150 euros soit 10% de tes revenus. 

Pour qlq qui gagne 200.000 euros pâ€¦
RT @Zakeemcee: Imaginons tu gagnes 1500 par mois tu mets des Nike Ã  150 euros soit 10% de tes revenus. 

Pour qlq qui gagne 200.000 euros pâ€¦
Girl, Nike better go â€˜headğŸ˜‚ 
Iâ€™M coming. https://t.co/8unaPAHAe4
RT @badestoutfit: vintage nike sweat https://t.co/JKRhrqCoSP
RT @BaseballCentraI: This is the best Nike Ad https://t.co/kwMjSbyTAq
RT @joaolebre11: "Adidas Ã© melhor q Nike" https://t.co/HkCPJPpUHw
RT @204Fashion: Nike | 204Fashion https://t.co/cugQQHKY18
RT @llama_ajol: DAY 2 #OtherPeopleChallenge

On set today shooting a music video, happy i didnâ€™t get all my white clothes dirty LOL and finâ€¦
@IEForceAAU I just hate that he made a sweeping generalization then made a nice little Nike in plug for the eybl while he was at it. And moreso than coaches, the entire system is broken. $20 daily admission. 4 games in a day. These tourney directors are more to blame
RT @janellek01: Fuck designer, I love a man in a Nike tech ğŸ˜ğŸ˜ğŸ˜ğŸ˜ğŸ˜ğŸ˜ğŸ˜ğŸ˜ğŸ˜ğŸ˜ğŸ˜ğŸ˜ğŸ˜ğŸ˜
RT @204Fashion: Nike | 204Fashion https://t.co/cugQQHKY18
acho que se for pra foder num tenis caro, eu ia querer um NIKE AF1 X VLONE... but nÃ£o tenho 10k pra isso :((((((((((( https://t.co/mkTr0EKISD
@teamnike Thank you! Will drop by at Nike store near me to check for other available models ğŸ˜Š
RT @SneakerNews: Here's a closer look at Travis Scott's Nike Air Force 1 with and without the shroud https://t.co/0YDq7R2iDI https://t.co/tâ€¦
RT @joaolebre11: "Adidas Ã© melhor q Nike" https://t.co/HkCPJPpUHw
RT @pluggedinn_: Plugged Inn members made over $100,000+ in just minutes on the Nike Off-White â€œMCAâ€ Stash release!

In celebration of todaâ€¦
ğŸ”´âšª Se vende cortavientos Nike SevillaFC de la pasada temporada. âšªğŸ”´ Comprado hace dos semanas, sin usar, con etiqueta y ticket. 

TALLA XL (Queda como una L)
Precio 19.90â‚¬ (Sin rebaja costaba 50)

Si no te interesa me ayudarÃ­as con un RT ğŸ™ğŸ™ https://t.co/oVgodVnqYI
Essa bolsa da Nike vai ser minha
RT @BaseballCentraI: This is the best Nike Ad https://t.co/kwMjSbyTAq
RT @janellek01: Fuck designer, I love a man in a Nike tech ğŸ˜ğŸ˜ğŸ˜ğŸ˜ğŸ˜ğŸ˜ğŸ˜ğŸ˜ğŸ˜ğŸ˜ğŸ˜ğŸ˜ğŸ˜ğŸ˜
RT @austinbeck222: Giveaway! Game worn Nike cleats. Follow me and retweet to be entered. Will end on Friday 11/15 https://t.co/npHzL9XybH
My waves looking too crispy and Iâ€™ve worked from home for the last 2 days. SmhğŸ¤¦ğŸ¾â€â™‚ï¸
RT @KLChouinard: De'Andre Hunter said that his favorite acquisition on his trip to the Nike store in Oregon was a pair of Zoom Freaks.
RT @Zakeemcee: Imaginons tu gagnes 1500 par mois tu mets des Nike Ã  150 euros soit 10% de tes revenus. 

Pour qlq qui gagne 200.000 euros pâ€¦
RT @guiiilhermeroch: Nike anda a matar o game https://t.co/TDdoGrqrWj
Unmistakably chunky with militaristic vibe, there is nothing quite like the new Nike Xarr that can now be had from Nike CA in two simple colourways for $195 + free shipping! https://t.co/6fiDy7pzVS https://t.co/nr6RGyHfCb
Hereâ€™s what the travisscott x Nike Air Force 1 looks like with and without the shroud. The shoes officially drop this S... https://t.co/xP50susfeG
This weekend is all I need.
@suprafootwear Skytop in black and hedge
â 
https://t.co/p2CR9k9Ua9
â 
#supra #suprafootwear #suprashoes #sneakers #trainers #hightopsupras #hightoptrainers #footwear #sneakerholic #sneakerhead  #kickstagram #nicekicks #kicksonfire #sneakerholics #fashion #sneakerfreaker #nike https://t.co/JiHMW3M2yX
@eusoufrederico amo metcom, nike rs
RT @oldvx: entre namorar e comprar um tenis novo eu iria escolher um nike 

e voc
@theatrelife4eva @VW @Nike @CocaColaCo @Allstate @continentaltire I'm really worried that our 2026 WC is going to get wasted with this management.
Nike Doernbecher Freestyle 2019 Collection: Release Info https://t.co/62AuH2wumC https://t.co/AGnIbTV1MV
Nike Doernbecher Freestyle 2019 Collection: Release Info https://t.co/VWMWrCtC5L https://t.co/Zgzk5mnIJQ
Nike Doernbecher Freestyle 2019 Collection: Release Info https://t.co/zWAQ47kLUq https://t.co/R3bbTTVoKw
Nike Doernbecher Freestyle 2019 Collection: Release Info https://t.co/3SNcaCda4m https://t.co/iIGuy9n2ZY
RT @GeorginaChoi88: How can we get Jiyong's nike af1 para-noise when our competition aren't only our co-vips but also celebrities? https://â€¦
RT @badestoutfit: vintage nike sweat https://t.co/JKRhrqCoSP
Get ALMOST 50% OFF the Nike SB Blazer Low "NBA" at $44.97 + Shipping via @nordstromrack 

Buy Here: https://t.co/t5qXi8zjWq https://t.co/xJYm6gzqWC
RT @BaseballCentraI: This is the best Nike Ad https://t.co/kwMjSbyTAq
You can now buy Nike Air Max with holy water in them

https://t.co/4bGPCbZudk https://t.co/aARbIxIBZ1
â€¦ëŒì•„ê°€ì„œ ë²Œì´ ë¶€ì¡±í–ˆì„ ê±°ë¼ê³  ì´ì•¼ê¸°í•˜ëŠ” ì‚¬ëŒì´ ìˆìœ¼ë©´ ì •ë§ ê³„ê¸‰ì¥ ë–¼ê³  ì—ì„ ìˆ˜ ìˆì„ ê²ƒ ê°™ì€ ê¸°ë¶„ì´ì—ìš”.
I know. Nike said you canâ€™t come without Nolan tho. https://t.co/ec3omL0oxF
Tell @nikewomen @nike to Holla at me ğŸ˜›. #elmiragedrylake #Nike #friendswithlens #nikereactelement55 @ El Mirage Off Highway Vehicle Recreation Area https://t.co/hxqj5I9oxK
Iâ€™m hungry man what imma gunna eat tonight?
@Nike @kobebryant https://t.co/9CM6dkJUhG
RT @Luisdelrivero_: Me puse el chaleco con polo de nike pulsera de EspaÃ±a estoy que facheo
RT @Ovrnundr: DIOR x Nike Air Jordan 1 collaboration will be releasing June 2020, retail price $2,000 dollars. Stock level 1,000 pairs. httâ€¦
RT @mafaldacoliv: A Nike este ano estÃ¡ abusar e eu estou a ver me a ficar com zeros na contağŸ¥´ğŸ¥´ https://t.co/6kKF5yxEe4
Nike Shox Gravity Menâ€™s Running Shoes Breathable Lightweight Sneakers Outdoor Sports Fashion Shoes November 12, 2019 at 11:00PM ğŸ”— https://t.co/7ywiUb3HqH https://t.co/4fpTH1KowP
RT @llama_ajol: DAY 2 #OtherPeopleChallenge

On set today shooting a music video, happy i didnâ€™t get all my white clothes dirty LOL and finâ€¦
RT @mafaldacoliv: A Nike este ano estÃ¡ abusar e eu estou a ver me a ficar com zeros na contağŸ¥´ğŸ¥´ https://t.co/6kKF5yxEe4
Nike Air Max 270 React New Arrival Men Running Shoes Air Cushion Outdoor Sports Sneakers Comfortable ** Hot Deal ** November 12, 2019 at 11:00PM ğŸ”— https://t.co/V9bnjlycGs https://t.co/XaItWZNWaA
RT @badestoutfit: vintage nike sweat https://t.co/JKRhrqCoSP
RT @Luisdelrivero_: Me puse el chaleco con polo de nike pulsera de EspaÃ±a estoy que facheo
Nike Air Max Tn Plus Original Air Cushion New Arrival Men Running Fashion Shoes Outdoor Sports Lightweight Sneakers November 12, 2019 at 11:00PM ğŸ”— https://t.co/uXG1QVtx4U https://t.co/BjQi8gX4nn
@aulascriaa @menorD_nike minha famÃ­lia tem orgulho de quem eu sou, vocÃª e uma sacola de lixo nÃ£o tem muita diferenÃ§a, vc Ã© frÃ¡gil, nao Ã© sÃ³ gay que pega doenÃ§a nÃ£o, MENTE FECHADA, cuidado p vc nÃ£o pegar hahajaj
Fashion // Nike Air Max Tailwind 4 Original Herren Running Fashion Schuhe Komfortable Luftkissen Outdoor Sports Sneakers November 12, 2019 at 11:00PM ğŸ”— https://t.co/PdKBQd8Dym https://t.co/pP7uljUsLM
RT @SneakerScouts: Release Date: Off-White x Nike Vapor Street 'Polarized Blue/Tour Yellow' - November 14, 2019 |$190| #SneakerScouts @virgâ€¦
RT @Mys7788: âšœï¸åŸå•å¤åˆ»é¡¶çº§å“è´¨ä¾›è´§å•†ğŸŒ
âšœï¸ä¸“æŸœä¹°ç‰ˆğŸ‘Ÿâ†’ç‹¬ç«‹å·¥å‚ğŸ­â†’å“è´¨å¼€å‘
âšœï¸åœˆå†…6å¹´è€åº—-ç»ˆç«¯å®æ‹-æ‰€è§æ‰€å¾—
âšœï¸å…¨çƒä»£ç†ä»·ï¼Œä¸€æ‰‹è´§æºå¯äº«
âšœï¸å›½å†…é¡ºä¸°åŒ…é‚®ï¼Œå›½é™…è®¢å•ä¸€å‘¨æŠµè¾¾
âšœï¸ä¸»æ¨é«˜ç«¯ï¼šyeezy aj1 AF1 Gucci LV
âšœï¸CL Nikeâ€¦
NIKE AIR VAPORMAX PRM Men Running Fashion Shoes Air Cushion Motion Leisure Time Shock-Absorbing Shoes Outdoor New Arrival November 12, 2019 at 11:00PM ğŸ”— https://t.co/ahLDzcOWr6 https://t.co/SaBakwnV4s
RT @BB_Kings_Legend: So many Celebrities wearing #GDRAGON's Nike Air Force 1 ParanoiseğŸ’•

It is confirmed to be released in WW 23rd Novemberâ€¦
Nike AIR VAPORMAX New Arrival Men Running Fashion Shoes Comfortable Air Cushion Breathable Sneakers Shock Absorbing November 12, 2019 at 11:00PM ğŸ”— https://t.co/9HMsM33coB https://t.co/TwSGZyGbJL
RT @joaolebre11: "Adidas Ã© melhor q Nike" https://t.co/HkCPJPpUHw
RT @badestoutfit: vintage nike sweat https://t.co/JKRhrqCoSP
Nike Air Max 1/97 Sean Wotherspoon Man Running Fashion Shoes New Arrival Breathable Air Cushion Outdoor Sneakers November 12, 2019 at 11:00PM ğŸ”— https://t.co/pZOUMgZm8O https://t.co/KDjykuWxCN
RT @kwoniverse: Look at the amount of people queuing up to buy jiyongâ€™s Nike Air Force para-noise, see when youâ€™re the king of korea https:â€¦
RT @ElOmigre: 1.Moncler bubble  
2. Louis Vuitton hat 
3. Louis Vuitton belt with Honda or Ac keys 
4. Black jeans 
5. Nike boots or timbsâ€¦
Original New Arrival 2019 NIKE AIR MAX IVO Menâ€™s Running Shoes Sneakers November 12, 2019 at 11:00PM ğŸ”— https://t.co/iPfn4H7jPX https://t.co/jYQcXwsS7S
@firstgoalfooty @nikefootball @Nike @nikebasketball @NikeNYC @NikeLA @nikebaseball @usnikefootball @nikelondon @nikestore @nikegolf @Leegough9 our son would love this
Nike AIR VAPORMAX New Arrival Men Running Fashion Shoes New Pattern Sneakers Air Cushion Breathable Sneakers Men November 12, 2019 at 11:00PM ğŸ”— https://t.co/9FogKUpV2h https://t.co/VshJDBulE9
RT @davidthewhiter1: In my brand new pink nike shorts while I was running a few years back https://t.co/U5XcXgiYkF
Fashion ** Nuevo Sacai X Nike LD Waffle VARSITY Azul Verde GUSTO Multi Daybreak Blazer Mid Dunk Hombres Running Zapatos de moda November 12, 2019 at 11:00PM ğŸ”— https://t.co/aWQwrl9aD2 https://t.co/TtPkN677hU
RT @janellek01: Fuck designer, I love a man in a Nike tech ğŸ˜ğŸ˜ğŸ˜ğŸ˜ğŸ˜ğŸ˜ğŸ˜ğŸ˜ğŸ˜ğŸ˜ğŸ˜ğŸ˜ğŸ˜ğŸ˜
RT @313doe: Me as soon as I throw the Nike Tech on https://t.co/cnRcozyclL
Fashion - Original WMNS NIKE Air VaporMax Flyknit 2 Womens Running Shoes Sneakers Making Discounts November 12, 2019 at 11:00PM ğŸ”— https://t.co/hPxBLiJCyz https://t.co/h4OLX2st5l
Nike Air Max 720 Original Air Cushion New Arrival Men Running Fashion Shoes Air Cushion Sports Comfortable Sneakers November 13, 2019 at 12:00AM ğŸ”— https://t.co/eUMgj9YaQo https://t.co/NGhtn6ueAw
RT @ransfordcloset: Nike lebron 15sğŸ‘€. 
Cop or dropğŸ¤” https://t.co/WIWu7j9ADq
RT @DonFutboI: Que tiempos cuando tenÃ­amos comerciales de Nike. Ã‰ramos felices y no lo sabÃ­amos... https://t.co/tkNQfOayqQ
Nike Air Max 97 Ultra 17 Original Women Running Fashion Shoes Comfortable Air Cushion Sports Outdoor Sneakers November 12, 2019 at 11:00PM ğŸ”— https://t.co/1JVcGJBelW https://t.co/tYUzHjEE2W
Fashion &gt;&gt; Zapatillas de running Nike AIR MAX SEQUENT 4 originales para hombre, transpirables, para correr al aire libre November 12, 2019 at 11:00PM ğŸ”— https://t.co/cU5s8wFtl7 https://t.co/BWPgfbQDje
NIKE AIR MAX 200 Original Men Air Cushion Running Fashion Shoes New Arrival Comfortable Sports Sneakers November 12, 2019 at 11:00PM ğŸ”— https://t.co/bgObNZte8B https://t.co/KAqh5UMnsK
@NASA found a way to land on the moon but @Nike cant find a way to stop one person from ordering 15 of the same shoe to the same address with the same card.
@WsgtmTy I Thought the same thing!!
But donâ€™t he only wear nike?
RT @booska_p: AprÃ¨s Balmain et Puma, Prada et adidas, ce serait au tour de Dior et de Nike de collaborer... https://t.co/3WPFaLjJiL
RT @firstgoalfooty: FREE PRIZE GIVEAWAY â€¼ï¸âš½ï¸ We are giving away a #Nike Snood for #free ğŸ˜± To have a chance of win and posted to your doorâ€¦
RT @AtaideRaf: abre a foto ğŸ˜œ https://t.co/Po7sWqZZPI
Fashion - Nike Air Vapormax Plus TN Hombres Nueva llegada Zapatillas de deporte originales para correr Zapatillas deportivas antideslizantes ligeras para deportes al aire libre November 12, 2019 at 11:00PM ğŸ”— https://t.co/gOVs9q6n39 https://t.co/XXLUljkvfp
@FKostmann @Nike &amp; theyâ€™ve taken the money off my credit card. Wtf
Original New Arrival NIKE AIR MAX 90 ESSENTIAL Menâ€™s Running Fashion Shoes Sneakers November 12, 2019 at 11:00PM ğŸ”— https://t.co/gsy5jKqVCg https://t.co/Dw2mB4O40i
Original Authentic Nike Zoom Fly 3 Menâ€™s Running Fashion Shoes Outdoor Sports Shoes Shock Absorption And Ventilation Trend November 12, 2019 at 11:00PM ğŸ”— https://t.co/Ib7QTVWvh1 https://t.co/ffAQj48MyV
RT @cshtttop87: Jiyong attached a THUNDERBOLT PROJECT by FRGMT &amp; POKÃ‰MON plush keyring on his PMO X NIKE AF1 PARANOISE Shoe ğŸ¥ºğŸ¥º

This is supâ€¦
RT @rayrhcp: assim q eu vejo essa galera retardada obcecado por tenis.......abstinencia de mostrar pro mundo "OlHa eU coMprEi uM teNix" 
maâ€¦
RT @kaikin_nike: Ã© sÃ³ um pente e rala...ğŸ™…ğŸ¼â€â™‚ https://t.co/eixMwu7T31
RT @cartelfootclub: @CorentinTolisso vÃªtu de Nike de la tÃªte aux pieds avec le dÃ©tail de la virgule rouge qui fait la diffÃ©rence un peu troâ€¦
TYTSJERKSTERADIEL: Vermist vanuit Oentsjerk. 11 jarige jongen,blank,d.blond haar,zwarte nike pet,grijze adidas jas met fel groene strepen,zwarte broek. Bel nu 112 https://t.co/gKHgpub2CR
RT @yasminb0nt: Btw Nike heeft vandaag kortingscode: GAMETIME 22
RT @204Fashion: Nike | 204Fashion https://t.co/cugQQHKY18
RT @204Fashion: Nike | 204Fashion https://t.co/cugQQHKY18
encima son unas nike que si las compro es hasta para dormir con ella con tal de amortizarlo
@wshcdlan tu peux prendre en tt blanc ou tt noir.Sinon y'a les nike zoom un truc comme Ã§a mais bcp de gens les ont
RT @assiasg_: le fc snap/insta ils veulent pas comprendre quâ€™ils deviendront jamais Ã©gÃ©rie nike
RT @MMaknasy: Fc snap a encore frapper ils partagent une annonce de nike comme quoi ils recrute en Ã©change tâ€™aura des habille gratuit et deâ€¦
RT @h1ghrarchive: Minsik, one of the biggest and og BIGBANG stans, got G-Dragonâ€™s Nike x PEACEMINUSONE shoes! https://t.co/oJEN6z78oj
RT @assiasg_: le fc snap/insta ils veulent pas comprendre quâ€™ils deviendront jamais Ã©gÃ©rie nike
RT @assiasg_: le fc snap/insta ils veulent pas comprendre quâ€™ils deviendront jamais Ã©gÃ©rie nike
Yo Nike keep this up i cause my shit go through everytime https://t.co/eIKrzIQUyj
RT @assiasg_: le fc snap/insta ils veulent pas comprendre quâ€™ils deviendront jamais Ã©gÃ©rie nike
åƒ•ã‚‚å¥³æ€§ã ã£ãŸã‚‰ä»²é–“ã«å…¥ã‚ŒãŸã‚“ã ã‚ã†ã‘ã©
Nike ta race https://t.co/Y9rah40LcI
When will Nike and Adidas make petite clothes????? Annoying I have to roll up about half the legğŸ™ƒğŸ™‚ğŸ™ƒğŸ™‚ğŸ™ƒğŸ™‚ğŸ™ƒ
RT @204Fashion: Nike | 204Fashion https://t.co/cugQQHKY18
RT @assiasg_: le fc snap/insta ils veulent pas comprendre quâ€™ils deviendront jamais Ã©gÃ©rie nike
RT @pullupnghost: NinguÃ©m me quer oferecer umas sweats da Nike?
I donâ€™t buy for a second that @Nike gives a shit about their athletesâ€™ well-being except for their results. 

If they did, Alberto Salazar, known cheater and abuser for DECADES would never have worked for them. He belongs in prison and EVERY Nike athlete deserves compensation. -G
RT @204Fashion: Nike | 204Fashion https://t.co/cugQQHKY18
@J23app Hmmm. I'll be returning the one I got from Nike now. https://t.co/PodauE2Y8m
RT @assiasg_: le fc snap/insta ils veulent pas comprendre quâ€™ils deviendront jamais Ã©gÃ©rie nike
RT @fmrfij: Elle voulait bavarder, jâ€™ai mis mes Converse.
Elle voulait que je fasse un rÃ©gime, jâ€™ai mis mes New Balance.
Elle voulait un châ€¦
fico olhando o site da nike como se eu fosse comprar alguma coisa, me abenÃ§oa papai do cÃ©u ğŸ˜©ğŸ¤©
RT @Vitor_Gabriel98: + 1 nesse site, da Nike âœ…ğŸ˜ğŸ™…ğŸ»â€â™‚ï¸ https://t.co/Be14KJkqMQ
RT @1KiloKilo: They got my son Jordan on Nike ads ğŸ¤©ğŸ™ğŸ¾ https://t.co/DJGibKhzLt
RT @assiasg_: le fc snap/insta ils veulent pas comprendre quâ€™ils deviendront jamais Ã©gÃ©rie nike
RT @assiasg_: le fc snap/insta ils veulent pas comprendre quâ€™ils deviendront jamais Ã©gÃ©rie nike
RT @joao_gomes08: Eu sou o black de t-shirt da Nike juro, sÃ³ bebe a cerveja e descontrai nÃ© https://t.co/QCZcmnVJ1P
Uma camisa q nenhuma mulher me leva kkkk e da Nike fc
RT @204Fashion: Nike | 204Fashion https://t.co/cugQQHKY18
RT @yangjinman0819: Korean rapper 'changmo' uploaded IG story - GD NIKE AF1

He chose BGM as 'Superstar' of GD https://t.co/z4FruQoITu
RT @assiasg_: le fc snap/insta ils veulent pas comprendre quâ€™ils deviendront jamais Ã©gÃ©rie nike
RT @204Fashion: Nike | 204Fashion https://t.co/cugQQHKY18
RT @pullupnghost: NinguÃ©m me quer oferecer umas sweats da Nike?
RT @nytopinion: Mary Cain was once the fastest American girl. She joined Nike's running team with the hope of becoming the best female athlâ€¦
RT @204Fashion: Nike | 204Fashion https://t.co/cugQQHKY18
@anjali28 @mattwilliams100 @Storythings @madebymany @PHD_UK @Nike ğŸ§
RT @204Fashion: Nike | 204Fashion https://t.co/cugQQHKY18
RT @caitelle1: if you can pay nike $100+ for a pair of shoes you can support small businesses :)
RT @204Fashion: Nike | 204Fashion https://t.co/cugQQHKY18
RT @Number_GGG: ì‚¬.ë‘.í•´.ìš”.ë‚˜.ì´.í‚¤â£ï¸ğŸ˜

Nike Air Force 1 PARA-NOISE
(KOREA EXCLUSIVE)

#PEACEMINUSONE x #NIKE 
#ê¶Œì§€ìš© #GDRAGON #ì§€ë“œë˜ê³¤ https://t.co/9â€¦
ê·¸ëŸ¼ ì•ˆì‹¬ í•˜ì§€ë§ˆ. ë­ ì–´ë•Œ. ëë‚˜ê¸° ì „ê¹Œì§„ ì–¸ì œ ëì¼ì§€ ëª¨ë¥´ë‹ˆê¹Œ.
RT @ComplexSneakers: .@Shaquemgriffin will introduce the Nike FlyEase Football Cleat tonight against the 49ers on Monday Night Football. htâ€¦
@jamieharrison92 Hey Jamie, that's not what we like to see. When/where did you purchase them? DM us your NikePlus email and order number if purchased from https://t.co/OuPOwhFhfz. https://t.co/7qxmAkx6fY
RT @assiasg_: le fc snap/insta ils veulent pas comprendre quâ€™ils deviendront jamais Ã©gÃ©rie nike
RT @204Fashion: Nike | 204Fashion https://t.co/cugQQHKY18
RT @darkAK4777: pra estÃºdio, como nÃ£o tenho um trabalho, e viver de mÃºsica e meu sonho, concerteza vale a pena eu investir tudo que eu tenhâ€¦
RT @204Fashion: Nike | 204Fashion https://t.co/cugQQHKY18
Nike SNKRSã§ãƒã‚§ãƒƒã‚¯ï¼šhttps://t.co/JvSsTuOauW https://t.co/jiSDYTzvwZ
RT @MHSLadyBBall: Such an honor to be a Nike Elite HS Program along with @MillenniumHoops !  Our gear came into today!  Thanks to @TDNike aâ€¦
RT @cnstvja: English Premier League results from games played on the 9th and 10th of November 2019 #soccer #Jamaican #Caribbean #jamaica #fâ€¦
El nÃºmero de NIKE JAJAJAJAJAJAJA
ã‚¸ãƒ¨ãƒ³ã¨NIKEã‚³ãƒ©ãƒœã‚¹ãƒ‹ãƒ¼ã‚«ãƒ¼ã“ã‚Œã‚¬ãƒã®å€¤æ®µï¼Ÿw
ã›ã‚ã¦ã€0ã‚’1æ¡å°‘ãªãã—ã¦w

#nike 
#BIGBANG 
#ã‚¹ãƒ‹ãƒ¼ã‚«ãƒ¼ 
#GDRAGON 
#BIGBANGå¥½ããªäººã¨ç¹‹ãŒã‚ŠãŸã„ 
#VIPJAPAN 
#èª°ã‹è²·ã£ã¦ 
#kpop https://t.co/fbfXxSRvIO
RT @FollowBack10109: Neue  Zocker Videos unter:
https://t.co/aUdMT0AIwD

#MerkurMagie #hiphop #Wien #Follow #Casino #bild #retweet  #Fortniâ€¦
RT @assiasg_: le fc snap/insta ils veulent pas comprendre quâ€™ils deviendront jamais Ã©gÃ©rie nike
English Premier League results from games played on the 9th and 10th of November 2019 #soccer #Jamaican #Caribbean #jamaica #futbol #sports #Arsenal #bettingtips #weekend #November2019 #EPL #updates #points #fifa #love #evertontottenham  #Volvo #NIKE #inna #flow #Liverpool #Recap https://t.co/Z93dg0GEd1
RT @204Fashion: Nike | 204Fashion https://t.co/cugQQHKY18
@KMbappe @equipedefrance Tu ne serais pas sponsorisÃ© par nike par hasard ğŸ˜‚
@brianmccormick @CoachAlexIljas @KingJames @kobebryant @Nike @usabasketball During a regulation event there are limits as to how many games are allowed per day. With a limit of 3 games per day, 6 games max in over two days that an estimated total of 12hrs over a 48 hr period. Only if the player is playing every minute will he play a total of 12 hrs.
RT @FollowBack10109: Neue  Zocker Videos unter:
https://t.co/aUdMT0AIwD

#MerkurMagie #hiphop #Wien #Follow #Casino #bild #retweet  #Fortniâ€¦
Nike SNKRSã§ãƒã‚§ãƒƒã‚¯ï¼šhttps://t.co/JvSsTuOauW https://t.co/J8MX9mWoTg
Lowest Ask: $150 Nike SF Air Force 1 High 90/10 All-Star (2018) Sz. 8 https://t.co/MmHtMDqhOi #airforce https://t.co/u5Z3v4ED71
à¹„à¸›à¸”à¸¹à¸«à¸™à¸±à¸‡à¸¡à¸²à¸•à¸­à¸™à¸šà¹ˆà¸²à¸¢à¸à¸±à¸šà¹€à¸à¸·à¹ˆà¸­à¸™ à¹€à¸¢à¹‡à¸™à¹†à¸§à¹ˆà¸²à¸ˆà¸°à¸­à¸­à¸à¹„à¸›à¸¥à¸­à¸¢à¸à¸£à¸°à¸—à¸‡à¸à¸±à¸™ à¸ªà¸£à¸¸à¸›à¸«à¸¥à¸±à¸šà¸¢à¸²à¸§à¸à¸¶à¹ˆà¸‡à¸•à¸·à¹ˆà¸™ à¸§à¸”à¸Ÿ
Sa January nalang siguro ako bili ng Nike 270 React regalo ko sa birthday ko lol.
@oneusualsuspect @officialnairam1 @otunba_obafemi ğŸ˜’ğŸ¤£ğŸ¤£ğŸ¤£ğŸ¤£
RT @204Fashion: Nike | 204Fashion https://t.co/cugQQHKY18
The vibrant Officer Stainless (@HenshawKate) takes her job serious and does it with passion. Will she be able to find poor Nike? 'The Ghost and The House of Truth'. Showing in Cinemas nationwide from November 22nd. #TGHTtheFilm Cc @TGHTthefilm https://t.co/rX0nEDeDhP
@BylkaProd Mdrr le vrai problÃ¨me sait qu'il dit larry mange niro ğŸ’€ğŸ’€
RT @pullupnghost: NinguÃ©m me quer oferecer umas sweats da Nike?
RT @assiasg_: le fc snap/insta ils veulent pas comprendre quâ€™ils deviendront jamais Ã©gÃ©rie nike
@HeartThrob_SHAQ For me, itâ€™s an off day and Iâ€™m headed to the outlet mall cause they only have sales at Nike Monday - Thursday
RT @204Fashion: Nike | 204Fashion https://t.co/cugQQHKY18
RT @204Fashion: Nike | 204Fashion https://t.co/cugQQHKY18
@brkicks @Shaquemgriffin @nike â€œjust do itâ€ has changed to â€œdone itâ€ with these ğŸ™ŒğŸ¾
RT @oneusualsuspect: Permit me to introduce to you, the official number @officialnairam1 die hard fan in #Abuja.

@otunba_obafemi be takingâ€¦
RT @knickthoughts: City get just shy of 200 points and b2b league titles with Nike then switch to Puma and this is what happens
Nike LeBron 17 only $200.00 =&gt; https://t.co/4JtzqoQGyX https://t.co/p3AFcmmL34
RT @assiasg_: le fc snap/insta ils veulent pas comprendre quâ€™ils deviendront jamais Ã©gÃ©rie nike
RT @pullupnghost: NinguÃ©m me quer oferecer umas sweats da Nike?
So sad, Alexa play "Hoes Mad" https://t.co/HssHDRmdJn
é•ã†æ•µã ã£ãŸ
"If you think you're perfect already, you never will be" @Cristiano 

Constantly striving to be the best.  Shop his new cleats now at https://t.co/2fhejpSK3i https://t.co/QoJWyf3iMZ
Nike Air Zoom Pegasu â€“ 942851-004 https://t.co/Oj2Bo9Cj5R https://t.co/j5tYYFwu9J
RT @jeru035: RT + Tag 2 CookMates
ğŸ‰EVERY 50RT
{ your choice }
-10 monthly DC
-1GB of residential proxy
-10 unlimited residential (specificaâ€¦
RT @204Fashion: Nike | 204Fashion https://t.co/cugQQHKY18
@Jasonalba18 Ma bite tema Kipembe par exemple il a une veste LV et il a un contrat avec adidas tout le monde a des contrats mais lui il est tjrs tjrs en nike
RT @Luisdelrivero_: Me puse el chaleco con polo de nike pulsera de EspaÃ±a estoy que facheo
To d' Nike tÃ¡ ?
RT @FinishLine: Enjoy the run ğŸƒâ€â™€ï¸

The #Nike Joyride Run Pod and Joyride Run Flyknit are set to drop next week on 11/18. https://t.co/Xa2Hâ€¦
RT @mlnostalgia: STAY WARM! Check out Nike Pro Combat Athletic Dri-fit Compression Long Sleeve Shirt Youth Size XL #Nike https://t.co/1yRF8â€¦
At the rate this is going Imma need an @AOMGOFFICIAL x @IBGDRGN collab
*Photos dont belong to me
#GDragonIsBack
#gdragon
#jiyong
#PEACEMINUSONE
#PEACEMINUSONExNike
#nikexpeaceminusone
#nike
#aomg
#JayPark
#h1ghrmusic 
@YG_GlobalVIP @H1GHRMUSIC https://t.co/Go3OMmvkF4
ATTENTION
#Palmyra #Panthers
Boys Basketball team &amp; fans
your custom #Nike web store is open

go to
https://t.co/2YeBgZlE6V
select your school/team

Dont Wait!

#OnlySP #Basketball
@PalHSAthletics https://t.co/84kX5oIsxK
RT @The_Shit_Bot: Featuring, Browser Automation for Nike Snkrs Web!

Random RT = Alpha-Access!

This will allow us to support all regions &amp;â€¦
Nike KD 12 "Black Snake" only Â£125 with code "GAMETIME22" at Nike Eu

Link&gt; https://t.co/viZtTBe7VT

*code ends MIDNIGHT 11.11.19 works on all full price products* https://t.co/O59qXIMyoc
RT @204Fashion: Nike | 204Fashion https://t.co/cugQQHKY18
nike hadi yolla kargomu
RT @KIDGLOCK000: Meus sonhos me fodem pqp sonhei com ela de nike e baby hair dnv porra
RT @BurgernetNL: TYTSJERKSTERADIEL - Vermist vanuit Oentsjerk. 11 jarige jongen,blank,d.blond haar,zwarte nike pet,grijze adidas ja...httpsâ€¦
RT @pullupnghost: NinguÃ©m me quer oferecer umas sweats da Nike?
RT @pullupnghost: NinguÃ©m me quer oferecer umas sweats da Nike?
RT @SoxOn35th: With Nike beginning their takeover as Major League Baseball's uniform provider, our @b_son4 discusses the change and offersâ€¦
RT @assiasg_: le fc snap/insta ils veulent pas comprendre quâ€™ils deviendront jamais Ã©gÃ©rie nike
RT @204Fashion: Nike | 204Fashion https://t.co/cugQQHKY18
Nike reached out to have my pumkin model for them! ğŸ˜…
Meu irmÃ£o quer me levar pra comprar umas roupa e meu Nike 97ğŸ¥°
RT @pullupnghost: NinguÃ©m me quer oferecer umas sweats da Nike?
I just wanna run ğŸƒ that check up like Nike have tht shit on lock ğŸ”’
RT @seaningle: My Guardian column today takes a pop at Nike and the IAAF and says it's high time athletes had a union https://t.co/awdshLoQâ€¦
RT @assiasg_: le fc snap/insta ils veulent pas comprendre quâ€™ils deviendront jamais Ã©gÃ©rie nike
RT @204Fashion: Nike | 204Fashion https://t.co/cugQQHKY18
RT @oasisdehorror: Hay un detalle del video del saqueo de la casa de Evo que lo dice todo.

Al exhibir con sorna sus modestos artÃ­culos (unâ€¦
.@nike is and always will be my favourite clothing store!
ä¿ºã«ä¼šã„ãŸã„ã¨ãã¯ã€ã¾ãšæ¨ªã«ãªã£ã¦ç›®ã‚’é–‰ã˜ã¦ä½“ã‚’æ¥½ã«ã—ã¦ä½•ã‚‚è€ƒãˆãªã„ã§â€¦â€¦â€¦ã„ã„å¤¢è¦‹ã‚ã‚ˆãªãƒ¼ã€‚ä¼šã„ã«è¡Œãã‹ã‚‰ï¼
Just seen the woman version of Dave east at Nike outlet.. Dana East if you will
RT @assiasg_: le fc snap/insta ils veulent pas comprendre quâ€™ils deviendront jamais Ã©gÃ©rie nike
RT @204Fashion: Nike | 204Fashion https://t.co/cugQQHKY18
Lowest Ask: $520 Air Fear of God 1 Oatmeal Sz. 8 https://t.co/TyMe4hliHy #nike https://t.co/XyoyEIdjmM
pra estÃºdio, como nÃ£o tenho um trabalho, e viver de mÃºsica e meu sonho, concerteza vale a pena eu investir tudo que eu tenho no meu estÃºdio, entÃ£o eu resolvi vender um tÃªnis da Nike que eu tenho que nÃ£o uso faz mt tempo, pra conseguir juntar a grana pra mim comprar uma placa de +
RT @assiasg_: le fc snap/insta ils veulent pas comprendre quâ€™ils deviendront jamais Ã©gÃ©rie nike
@sailorisame Hay que empezar por un short de Nike, buso y cadena luego ya el dinero gotea solo.. https://t.co/NToM9hTTto
RT @204Fashion: Nike | 204Fashion https://t.co/cugQQHKY18
RT @pullupnghost: NinguÃ©m me quer oferecer umas sweats da Nike?
Nike React Element 55 â€œSchematicâ€ Coming Soon https://t.co/gaCdbFqmc8 #sneakers https://t.co/zGuLMsJscB
@KloppNormalOne I forgot about the Nike deal you know lol I hate Nike kits and clothing but Iâ€™m all for there moneyğŸ˜‚
If Nike was a cult I would consider joining just for the free shoes for life deal (an ode to expensive womenâ€™s shoes)
RT @204Fashion: Nike | 204Fashion https://t.co/cugQQHKY18
RT @assiasg_: le fc snap/insta ils veulent pas comprendre quâ€™ils deviendront jamais Ã©gÃ©rie nike
RT @janellek01: Fuck designer, I love a man in a Nike tech ğŸ˜ğŸ˜ğŸ˜ğŸ˜ğŸ˜ğŸ˜ğŸ˜ğŸ˜ğŸ˜ğŸ˜ğŸ˜ğŸ˜ğŸ˜ğŸ˜
TYTSJERKSTERADIEL - Vermist vanuit Oentsjerk. 11 jarige jongen,blank,d.blond haar,zwarte nike pet,grijze adidas ja...https://t.co/P5nhgE7tkS
RT @janellek01: Fuck designer, I love a man in a Nike tech ğŸ˜ğŸ˜ğŸ˜ğŸ˜ğŸ˜ğŸ˜ğŸ˜ğŸ˜ğŸ˜ğŸ˜ğŸ˜ğŸ˜ğŸ˜ğŸ˜
Adidas &gt;&gt;&gt; Nike
RT @UNDEFEATEDinc: Nike Air Force 1 // Available Now at All Undefeated Chapter Stores and https://t.co/rPhV7ZP2Fc https://t.co/VvGmLA3MgI
RT @Luisdelrivero_: Me puse el chaleco con polo de nike pulsera de EspaÃ±a estoy que facheo
RT @oelacit1: @Darui78 Veste redskins + casquette nike cette photo a Ã©tÃ© prise en 2008 jâ€™espÃ¨re
Evo usaba Nike!!! https://t.co/Fkc8NUJ3hz
RT @204Fashion: Nike | 204Fashion https://t.co/cugQQHKY18
RT @lauraasooto: sois de calle pero votais a vox y el chandal de nike de 200 euros
RT @pullupnghost: NinguÃ©m me quer oferecer umas sweats da Nike?
RT @204Fashion: Nike | 204Fashion https://t.co/cugQQHKY18
RT @assiasg_: le fc snap/insta ils veulent pas comprendre quâ€™ils deviendront jamais Ã©gÃ©rie nike
RT @Number_GGG: ì‚¬.ë‘.í•´.ìš”.ë‚˜.ì´.í‚¤â£ï¸ğŸ˜

Nike Air Force 1 PARA-NOISE
(KOREA EXCLUSIVE)

#PEACEMINUSONE x #NIKE 
#ê¶Œì§€ìš© #GDRAGON #ì§€ë“œë˜ê³¤ https://t.co/9â€¦
RT @runmarycain: This was a long time coming. For years, I felt broken and alone- I waited, yet no one reach out to help.

Now I am ok. Butâ€¦
RT @assiasg_: le fc snap/insta ils veulent pas comprendre quâ€™ils deviendront jamais Ã©gÃ©rie nike
Sale $24.95 https://t.co/nnZA5BfBc1 #NIKE Aerobill #running #cap Boston 2019 White Adj https://t.co/96IKNN6f0s
RT @pullupnghost: NinguÃ©m me quer oferecer umas sweats da Nike?
RT @assiasg_: le fc snap/insta ils veulent pas comprendre quâ€™ils deviendront jamais Ã©gÃ©rie nike
https://t.co/BNhURZ44yZ #adidas #nike #yeezy #sneakers #puma #jordan #fashion #adidasoriginals #shoes #4d #manufacturing #shoes #fashion #style #sneakers #moda #nike #heels #love #shopping #shoesaddict #like #ootd #asia #instagood
Ø§Ù„Ø§Ù† Ø§Ù…Ø§Ø²ÙˆÙ† Ø¨Ø§Ù„Ø§Ù…Ø§Ø±Ø§Øª 
Ø®ØµÙˆÙ…Ø§Øª Ø§Ù„Ø¬Ù…Ø¹Ù‡ Ø§Ù„Ø¨ÙŠØ¶Ø§Ø¡ 
Ø³Ù†ÙŠÙƒØ±Ø² Ø±Ø¬Ø§Ù„ÙŠ Ù…Ø§Ø±ÙƒØ© Nike Ø§Ù„Ù…Ø§Ø±ÙƒØ© Ø§Ù„Ø¹Ø§Ù„Ù…ÙŠØ© Ø§Ù„ØºÙ†ÙŠÙ‡ Ø¹Ù† Ø§Ù„ØªØ¹Ø±ÙŠÙ Ù…Ø§Ø±ÙƒØ© Ù„Ø§Ø¹Ø¨ÙŠ Ø§Ù„ÙƒØ±Ø©  Ø§Ù„Ø¢Ù† ØªØ³ØªØ·ÙŠØ¹ ØªÙ…Ù„ÙƒÙ‡Ø§ Ù…Ù† Ø§Ù…Ø§Ø²ÙˆÙ†.
https://t.co/eHXL3hzDL9
Ù…ØªØ§Ø­ Ø¨Ø§Ù„Ù„ÙˆÙ† Ø§Ù„Ø£Ø¨ÙŠØ¶- Ø§Ù„Ø£Ø³ÙˆØ¯- Ø§Ù„Ø±Ù…Ø§Ø¯ÙŠ 
Ø§Ø¶ØºØ· Ø¹Ù„ÙŠ Ø§Ù„Ø±Ø§Ø¨Ø· ÙŠØµÙ„Ùƒ Ù„Ø¨Ø§Ø¨ Ø§Ù„Ø¨ÙŠØª
https://t.co/eHXL3hzDL9 https://t.co/u9mDQrW7JT
RT @assiasg_: le fc snap/insta ils veulent pas comprendre quâ€™ils deviendront jamais Ã©gÃ©rie nike
RT @SKCAcademy: *ring ring ring* ğŸ‡ºğŸ‡¸ 

@jdavis_3211 &amp; @LepleyTucker got the call to represent the U-17 MNT at the Nike International Friendlâ€¦
RT @seaningle: My Guardian column today takes a pop at Nike and the IAAF and says it's high time athletes had a union https://t.co/awdshLoQâ€¦
RT @204Fashion: Nike | 204Fashion https://t.co/cugQQHKY18
RT @204Fashion: Nike | 204Fashion https://t.co/cugQQHKY18
RT @assiasg_: le fc snap/insta ils veulent pas comprendre quâ€™ils deviendront jamais Ã©gÃ©rie nike
RT @FckingWilson: Ainda por cima nike preto ahahahahah vais de pulseira https://t.co/pINDAtgYB0
RT @LojaGST: Aquela paixÃ£o por camisa lisa sÃ³ com o sÃ­mbolo da Nike ğŸ¥°ğŸ™…ğŸ»â€â™‚ï¸â˜„ https://t.co/cBNvVRdR2A
@RTNBA Nike paid every fine for him, delete this
RT @SoxOn35th: With Nike beginning their takeover as Major League Baseball's uniform provider, our @b_son4 discusses the change and offersâ€¦
RT @assiasg_: le fc snap/insta ils veulent pas comprendre quâ€™ils deviendront jamais Ã©gÃ©rie nike
RT @assiasg_: le fc snap/insta ils veulent pas comprendre quâ€™ils deviendront jamais Ã©gÃ©rie nike
RT @YahooSports: Nike needs to remake this Mike Vick ad with Lamar Jackson https://t.co/ppwT1ogaaG
RT @assiasg_: le fc snap/insta ils veulent pas comprendre quâ€™ils deviendront jamais Ã©gÃ©rie nike
Why you pregnant bitches always trying to look sexy in your pictures? ğŸ˜‚ this not a lingerie shoot lil mama you taking pics in your Nike shorts and sports bra in your dirty ass mirror ğŸ’€
RT @TeenVogue: We kicked off #NativeAmericanHeritageMonth with @NikeN7 talking Native &amp; Indigenous representation in sport, culture and desâ€¦
@SeleColombiaFan Nike le lleva aÃ±os luz en diseÃ±o a adidas
RT @assiasg_: le fc snap/insta ils veulent pas comprendre quâ€™ils deviendront jamais Ã©gÃ©rie nike
RT @assiasg_: le fc snap/insta ils veulent pas comprendre quâ€™ils deviendront jamais Ã©gÃ©rie nike
1 year Anniversary video recap of our visit to Nike in Beaverton, OR. We spoke on behalf of the South and West side Chicagoans and showed them that we have had obstacles but its iur aspirations that keep us going.â€¦ https://t.co/9CnowosSOw
RT @204Fashion: Nike | 204Fashion https://t.co/cugQQHKY18
@ActuFoot_ @Rebengaxx la rue mÃªme riche Ã§a porte du nike bg
Nike Drops the LeBron Soldier 13 in â€œTriple Blackâ€
https://t.co/FwsB8tG8AI
@frankirby @ChelseaFCW @nikefootball @nikelondon @Nike @ChelseaFC Will be there @frankirby ğŸ’™ğŸ’™
RT @204Fashion: Nike | 204Fashion https://t.co/cugQQHKY18
RT @Number_GGG: ì‚¬.ë‘.í•´.ìš”.ë‚˜.ì´.í‚¤â£ï¸ğŸ˜

Nike Air Force 1 PARA-NOISE
(KOREA EXCLUSIVE)

#PEACEMINUSONE x #NIKE 
#ê¶Œì§€ìš© #GDRAGON #ì§€ë“œë˜ê³¤ https://t.co/9â€¦
LÃ¤uferin Mary Cain Ã¼ber Karriere bei Nike: "Ich wurde kÃ¶rperlich und emotional missbraucht"
RT @assiasg_: le fc snap/insta ils veulent pas comprendre quâ€™ils deviendront jamais Ã©gÃ©rie nike
RT @simone_itaborai: Sonhei que encontrava personagens infantis e dava conselhos :

Branca de Neve: Apple nÃ£o Ã© bom para vocÃª, use Samsungâ€¦
RT @Mohamed_Bfg: Tu vires qui entre Lacoste Nike Adidas et TNF https://t.co/LoxjI6w7bO
RT @204Fashion: Nike | 204Fashion https://t.co/cugQQHKY18
RT @badestoutfit: vintage nike https://t.co/uoghGfC8vH
RT @204Fashion: Nike | 204Fashion https://t.co/cugQQHKY18
RT @204Fashion: Nike | 204Fashion https://t.co/cugQQHKY18
RT @assiasg_: le fc snap/insta ils veulent pas comprendre quâ€™ils deviendront jamais Ã©gÃ©rie nike
RT @204Fashion: Nike | 204Fashion https://t.co/cugQQHKY18
Antes preferia Adidas Mil vezes, agora Nike SEM DÃšVIDA ALGUMA https://t.co/54L8pxM5LT
RT @ABCMART_INFO: ä»Šé€±ã‚‚ä¸€é€±é–“é ‘å¼µã‚Šã¾ã—ã‚‡ã†â€¼ï¸
ã€€#PRODUCE_101_JAPAN ã®ç·´ç¿’ç”Ÿã‚’è¶³å…ƒã‹ã‚‰å¿œæ´ã€‚
1ã‚°ãƒ«ãƒ¼ãƒ—ã ã‘â“
ãã‚“ãªã“ã¨ã¯ã‚ã‚Šã¾ã›ã‚“ã€‚ã”å®‰å¿ƒãã ã•ã„ã€‚
ã€€ï¼ƒNIKEã€€ã€€#ã‚³ãƒ¼ãƒˆãƒ“ã‚¸ãƒ§ãƒ³ã€€ã¿ã‚“ãªã§å†™çœŸã‚’æ’®ã£ã¦ğŸ“¸ç·´ç¿’ç”Ÿã‚’ä¸€ç·’ã«å¿œæ´ã—ã¦ã¿ã¾ã›â€¦
RT @lnstantFoot: La Hi-Vis total 90 issue du partenariat entre Nike et la Premier League fÃªte ses 20 ans !

Qui est le 1er joueur qui vousâ€¦
@kelmclaugh Nike Is Out  in our family!!
RT @seaningle: My Guardian column today takes a pop at Nike and the IAAF and says it's high time athletes had a union https://t.co/awdshLoQâ€¦
@racslife_ Hell yeah. Only Nike Air tho âœ”ï¸ğŸ‘Ÿ
RT @204Fashion: Nike | 204Fashion https://t.co/cugQQHKY18
@IamFemiBright That guy, is an ass full of holes ğŸ˜¡
Meus sonhos me fodem pqp sonhei com ela de nike e baby hair dnv porra
RT @joshkleinrules: They say Lambeau is in the middle of a neighborhood. Theyâ€™re not lying. https://t.co/2It8hPDAna
Estudia para que no creas que Bershka y Nike hacen perfiles en instagram buscando embajadores e influencers.
RT @204Fashion: Nike | 204Fashion https://t.co/cugQQHKY18
RT @be51ana: @bbylivs https://t.co/dWxeqfwTlT
Nike https://t.co/xb39yKzsAL
RT @janellek01: Fuck designer, I love a man in a Nike tech ğŸ˜ğŸ˜ğŸ˜ğŸ˜ğŸ˜ğŸ˜ğŸ˜ğŸ˜ğŸ˜ğŸ˜ğŸ˜ğŸ˜ğŸ˜ğŸ˜
RT @MHSLadyBBall: Such an honor to be a Nike Elite HS Program along with @MillenniumHoops !  Our gear came into today!  Thanks to @TDNike aâ€¦
RT @HorizonLeague: The first @Nike #HLMBB Freshman of the Week is Amari Davis of @gbphoenixmbb! 

ğŸ“°: https://t.co/8lJeQJWkhu https://t.co/Nâ€¦
@usatf @runmarycain Itâ€™s time to reconsider the involvement of profiting corporations in elite sport. W/out question, @nike condoned athlete abuse by advancing its one cause - the bottom line. Even now, itâ€™s winning as we continue to put it out front in the news. Step up @usatf
RT @204Fashion: Nike | 204Fashion https://t.co/cugQQHKY18
RT @joao_gomes08: Eu sou o black de t-shirt da Nike juro, sÃ³ bebe a cerveja e descontrai nÃ© https://t.co/QCZcmnVJ1P
RT @assiasg_: le fc snap/insta ils veulent pas comprendre quâ€™ils deviendront jamais Ã©gÃ©rie nike
RT @CB1939Canarias: ğŸ¤©ğŸ‘ŒğŸ”¥ #Kicksoncourt Nike Zoom Freak-1 #allbros https://t.co/qLMujNgVTw
RT @204Fashion: Nike | 204Fashion https://t.co/cugQQHKY18
@sivasdescalzo @Travisscott @Nike Tried reinstalling, restarting phone, app still wonâ€™t open on IOS 13.2 . Can I email a registration? https://t.co/h5GXRHtRXz
RT @h1ghrarchive: Minsik, one of the biggest and og BIGBANG stans, got G-Dragonâ€™s Nike x PEACEMINUSONE shoes! https://t.co/oJEN6z78oj
This is sad and hard to watch but the fact is that women's bodies are not machines. Mary Cain is incredibly brave to speak up. https://t.co/k6UcUpcOhu
RT @flynn_mcginlay: I'm deadğŸ¤£ nothing wrong with wearing nike or Adidas why do people have to buy fake designer and flex https://t.co/mEHCYâ€¦
RT @204Fashion: Nike | 204Fashion https://t.co/cugQQHKY18
RT @204Fashion: Nike | 204Fashion https://t.co/cugQQHKY18
RT @204Fashion: Nike | 204Fashion https://t.co/cugQQHKY18
RT @assiasg_: le fc snap/insta ils veulent pas comprendre quâ€™ils deviendront jamais Ã©gÃ©rie nike
RT @KicksDeals: ğŸ‘©ğŸ‘€ Select sizes for the black/teal tint-laser orange Nike WMNS React Presto are OVER 50% OFF retail at $52.50 + ship!

BUYâ€¦
RT @204Fashion: Nike | 204Fashion https://t.co/cugQQHKY18
LÃ¤uferin Mary Cain Ã¼ber Karriere bei Nike: "Ich wurde kÃ¶rperlich und emotional missbraucht" https://t.co/jLWwvHvuIR https://t.co/Oe9B4LvtCp
LÃ¤uferin Mary Cain Ã¼ber Karriere bei Nike: "Ich wurde kÃ¶rperlich und emotional missbraucht" https://t.co/15PXnVpXgh https://t.co/3dndo0CB0m
Trampling with AirMax: Today I try out my new Nike AirMax on my slave. He has to cope with brutal kicks and meanâ€¦ https://t.co/XoGHiHeOLi
RT @mihaaahusss: lol lol lol pls delete the version you had of me out of your head. itâ€™s out of date now.
RT @assiasg_: le fc snap/insta ils veulent pas comprendre quâ€™ils deviendront jamais Ã©gÃ©rie nike
RT @assiasg_: le fc snap/insta ils veulent pas comprendre quâ€™ils deviendront jamais Ã©gÃ©rie nike
RT @assiasg_: le fc snap/insta ils veulent pas comprendre quâ€™ils deviendront jamais Ã©gÃ©rie nike
RT @flynn_mcginlay: I'm deadğŸ¤£ nothing wrong with wearing nike or Adidas why do people have to buy fake designer and flex https://t.co/mEHCYâ€¦
RT @assiasg_: le fc snap/insta ils veulent pas comprendre quâ€™ils deviendront jamais Ã©gÃ©rie nike
No son ni reebok ni son nike.
@tschickie @Tasnimaabidi Huh op nike zijn ze gwn voor 140 zag ik?
Nike training uygulamasÄ±ndan izleyip yaptÄ±m hem beleÅŸ hem de youtubela falan ugrasmÄ±yon reklam da cÄ±kmadÄ±
RT @assiasg_: le fc snap/insta ils veulent pas comprendre quâ€™ils deviendront jamais Ã©gÃ©rie nike
RT @ToledoPolice: Missing Juvenile: 12 year-old Demontre Mills is missing from the 800 block of Lodge. He is 4â€™0 80 lbs. Demontre was lastâ€¦
Nike air Jordan win like 82 11s size 11 for $160!! https://t.co/uvlFhDd4cn
Nike vapors lol https://t.co/Q5mlOlFDSM
RT @assiasg_: le fc snap/insta ils veulent pas comprendre quâ€™ils deviendront jamais Ã©gÃ©rie nike
RT @204Fashion: Nike | 204Fashion https://t.co/cugQQHKY18
RT @nikestore: A classic silhouette for slushy winter days

The Nike Sportswear Women's Air Force 1 Shell 'Midnight Turquoise'

Shop ğŸ‡ºğŸ‡¸ httâ€¦
RT @assiasg_: le fc snap/insta ils veulent pas comprendre quâ€™ils deviendront jamais Ã©gÃ©rie nike
RT @janellek01: Fuck designer, I love a man in a Nike tech ğŸ˜ğŸ˜ğŸ˜ğŸ˜ğŸ˜ğŸ˜ğŸ˜ğŸ˜ğŸ˜ğŸ˜ğŸ˜ğŸ˜ğŸ˜ğŸ˜
RT @runmarycain: This was a long time coming. For years, I felt broken and alone- I waited, yet no one reach out to help.

Now I am ok. Butâ€¦
COMME des GARÃ‡ONS x Nike Dunk Low
Release Date: Spring/Summer 2020 https://t.co/sEIAmgVFlE
@JudgeThree @BreezeLP @karagoucher @IBuiltTheArk @Phe800 @usatf This case is high profile, so maybe some parts will go faster, but the Nike lawyers will likely make other parts go slower.
RT @204Fashion: Nike | 204Fashion https://t.co/cugQQHKY18
@DrNimraS Try Nike Run ClubğŸ¤œğŸ¤›
Meu Adidas jÃ¡ ta de indo ta na hora de voltar a usar Nike
RT @janellek01: Fuck designer, I love a man in a Nike tech ğŸ˜ğŸ˜ğŸ˜ğŸ˜ğŸ˜ğŸ˜ğŸ˜ğŸ˜ğŸ˜ğŸ˜ğŸ˜ğŸ˜ğŸ˜ğŸ˜
RT @oasisdehorror: Hay un detalle del video del saqueo de la casa de Evo que lo dice todo.

Al exhibir con sorna sus modestos artÃ­culos (unâ€¦
@DCC_LexieS should i treat myself to one of these here in the UK? https://t.co/zxZfzdfL1J
RT @204Fashion: Nike | 204Fashion https://t.co/cugQQHKY18
@divajad les Nike 95/97/98 ğŸ—‘ ğŸ‘ŸğŸ‘‹
RT @assiasg_: le fc snap/insta ils veulent pas comprendre quâ€™ils deviendront jamais Ã©gÃ©rie nike
RT @assiasg_: le fc snap/insta ils veulent pas comprendre quâ€™ils deviendront jamais Ã©gÃ©rie nike
All Black Drop Top..Rock u A Ghost *Jott* TodayğŸ’°#JottWorld #Tshirt #Shopsmall #Blackfriday #HatShop #Neworleans #Urbanwear #Ladies #Christmas #Thanksgiving #Holidays #Football #Basketball #Reebok #Dj #Yeezy #Nikeâ€¦ https://t.co/3rV4BDxVws
RT @204Fashion: Nike | 204Fashion https://t.co/cugQQHKY18
@mastanmax Lo peor que la mayorÃ­a la ve linda solo porque no le gusta a Nike.
Yo lo voy a extraÃ±ar Nike.
ä¸€éšã«ã‚ã‚‹ã“ã†ã„ã†æ„Ÿã˜ã®æ¤…å­ã®ä¸Šã§ã‚ˆãå¯ã¦ãŸã‚Šã™ã‚‹ã‹ã‚‰ãŠçŒ«æ§˜ã®ãƒ™ãƒƒãƒ‰ç”¨ã«ã“ã†ã„ã†æ¤…å­ã‚’è²·ãŠã†ã‹ãªã€‚
ä½¿ã‚ãªã‹ã£ãŸã‚‰ç§ãŒä½¿ã†ã€‚ https://t.co/OkSqVl4DKc
RT @pullupnghost: NinguÃ©m me quer oferecer umas sweats da Nike?
RT @assiasg_: le fc snap/insta ils veulent pas comprendre quâ€™ils deviendront jamais Ã©gÃ©rie nike
ğŸ‘©ğŸ‘€ Select sizes for the black/teal tint-laser orange Nike WMNS React Presto are OVER 50% OFF retail at $52.50 + ship!

BUY HERE -&gt; https://t.co/IW85cn282j (promotion - use code SINGLESDAY at checkout) https://t.co/U6XDNYiUkJ
RT @assiasg_: le fc snap/insta ils veulent pas comprendre quâ€™ils deviendront jamais Ã©gÃ©rie nike
@etnbyl Ã‡akmacÄ± tayfa Nike Adidas new balance sardÄ± iyice. Bununki gitmez herhalde.
Official Look at the upcoming Nike React Element 55 â€œSchematicâ€ https://t.co/xmeOvCcFrw
Enjoy the run ğŸƒâ€â™€ï¸

The #Nike Joyride Run Pod and Joyride Run Flyknit are set to drop next week on 11/18. https://t.co/Xa2HsWw4N8
@karagoucher @Nike @runmarycain I'm appalled by what some of our young elite women runners have experienced at the hands of coaches. It's deplorable. These coaches must be held accountable. I can do two things - speak out against such actions and vote with my pocketbook. My running gear does not need a swoosh.
Nike Women's Sneakers Giveaway https://t.co/BikbLVn127
RT @janellek01: Fuck designer, I love a man in a Nike tech ğŸ˜ğŸ˜ğŸ˜ğŸ˜ğŸ˜ğŸ˜ğŸ˜ğŸ˜ğŸ˜ğŸ˜ğŸ˜ğŸ˜ğŸ˜ğŸ˜
RT @Laaildn: Yesterdayâ€™s fit ğŸ˜‹Nike me out https://t.co/BZJUfARRwl
Check out what I just added to my closet on Poshmark: Nike Air Max. https://t.co/nfABQcr90t via @poshmarkapp #shopmycloset
RT @204Fashion: Nike | 204Fashion https://t.co/cugQQHKY18
RT @assiasg_: le fc snap/insta ils veulent pas comprendre quâ€™ils deviendront jamais Ã©gÃ©rie nike
RT @204Fashion: Nike | 204Fashion https://t.co/cugQQHKY18
RT @AuntyAdaa: Arewa twitter hang out ğŸ‘‡ğŸ¼ https://t.co/vIauwgEDFh
RT @204Fashion: Nike | 204Fashion https://t.co/cugQQHKY18
mdr nike x dior ils vont juste reprendre la b23 et mettre le logo converse
Avez-vous dÃ©jÃ  pleurÃ© Ã  cause de cela?

1. OUI
2. OUI
3. LOL
4. OUI
5. OUI
6. NON
7. NON
8. NON
9. NIKE MOUK JAI PAS COMPRIS
10. J'EN AI PAS 

dÃ©poser un emoji et je vais vous envoyer des questions
"Dream big, because dreams do happen" @alexmorgan13 

Alex dreamed. Now she's a world champion.  Dream with Nike #justdoit https://t.co/4YwoHtTSO4
RT @ReubenUrrea: New segment alert!! NFL week 10 recap!! Where are the interesting stories. Let me know what you think! Thanks!!

https://tâ€¦
@AuntyAdaa This is so sick ğŸ¤£
i will never, ever, buy @Nike shoes again, lividğŸ˜¡ğŸ˜¡ğŸ˜¡
RT @204Fashion: Nike | 204Fashion https://t.co/cugQQHKY18
RT @204Fashion: Nike | 204Fashion https://t.co/cugQQHKY18
RT @UNDEFEATEDinc: Nike Air Force 1 // Available Now at All Undefeated Chapter Stores and https://t.co/rPhV7ZP2Fc https://t.co/VvGmLA3MgI
Lupakan masa lalu, persiapkan yg terbiak untuk masa depan. (Nike, TwiitterCity)
RT @SneakerScouts: Release Date: Off-White x Nike Vapor Street 'Polarized Blue/Tour Yellow' - November 14, 2019 |$190| #SneakerScouts @virgâ€¦
@mihirhs2000 @totalBarca Don't know, but it's not from yesterday's game. You can see the nike logo on Pep's jacket...
@AkinSawyerr Let's also not forget the role of ad dollars here. While some companies want to pay for political speech as part of their brand (e.g. Nike and Kaepernick), many just want to avoid anything controversial, particularly if it challenges the status quo/bottom line (common enough)
RT @204Fashion: Nike | 204Fashion https://t.co/cugQQHKY18
RT @BeGreatKyron: TOMORROW!!! 

Donâ€™t meet me there beat me there ! Come invest in your future and help progress in your career! 

- Resumeâ€¦
@frankirby @ChelseaFCW @nikefootball @nikelondon @Nike @ChelseaFC Canâ€™t wait âš½ï¸ğŸ’™
ğŸƒâ€â™‚ï¸dans la boue Ã§a m'embÃªte (je dÃ©rape avec mes nike). VoilÃ  donc le parcours Ã  90% sur du bitume, chemin en dur non boueux pour courir et Ã  distance variable avec sortie mÃ©tro, mÃ©tro, bus ou options + longue pour #repareGrosseVache  (fait avec https://t.co/kj6yS2z43J ) https://t.co/zIFG8ahJg0
@fuckingbyepolar Î§Î¿ÏÎ·Î³Î¯Î± Nike Îµ;
RT @204Fashion: Nike | 204Fashion https://t.co/cugQQHKY18
RT @BeGreatKyron: Tonight is the night! #LiftAsWeClimb https://t.co/oClQ7A6G1g
RT @pullupnghost: NinguÃ©m me quer oferecer umas sweats da Nike?
RT @runnersworld: Justin Gallegos made national headlines when he received a contract from Nike in 2018. In October 2019, he ran his firstâ€¦
RT @assiasg_: le fc snap/insta ils veulent pas comprendre quâ€™ils deviendront jamais Ã©gÃ©rie nike
RT @204Fashion: Nike | 204Fashion https://t.co/cugQQHKY18
if you ever feel like a douchebag just know that when i was 14 i wore diamond supply and nike SBs to thanksgiving dinner to assert my edginess
RT @assiasg_: le fc snap/insta ils veulent pas comprendre quâ€™ils deviendront jamais Ã©gÃ©rie nike
@JEREMYGHEEM @usatf @runmarycain @Nike Thatâ€™s really sad, but youâ€™re probably right.
RT @runmarycain: This was a long time coming. For years, I felt broken and alone- I waited, yet no one reach out to help.

Now I am ok. Butâ€¦
198 anos do nacemento de FiÃ³dor Dostoievski, autor da miÃ±a tan querida novela "Crime e castigo". E doutras tantas de igual mÃ©rito â¬‡ï¸. https://t.co/ZLGwHQxrie
RT @HOUSEOFHEAT: Swooshed.

https://t.co/4A2GMALcfr
RT @assiasg_: le fc snap/insta ils veulent pas comprendre quâ€™ils deviendront jamais Ã©gÃ©rie nike
RT @kevin_scotton: Animated Swoosh

Music: No Cable by @IDK 

@Nike https://t.co/ofP57sS40x
Nike React Element 55 â€˜Color Shiftâ€™ Sunrise is available for $71.24 (Retail $140) 

Use promo code NOVEM19 for a discount: https://t.co/tcuAevLucG https://t.co/L2Ryc0JZLL
What do multi-billion dollar brands such as Nike and Coca Cola have in common? ğŸ¤” They got their #branding bang on! ğŸ¤© Your #SmallBusiness can do it too...with these simple tips by @JThiefels and @getdottech. https://t.co/CPH2AOnVBy https://t.co/jhj6gbjhpz
RT @204Fashion: Nike | 204Fashion https://t.co/cugQQHKY18
RT @brianmccormick: @CoachAlexIljas @VAElite @KingJames @kobebryant @Nike @usabasketball Agree that children shouldnâ€™t play so many organizâ€¦
Tudo âœŒ de nike comprei a vista
Chinelo da Nike tÃ¡ muito brabo, era sÃ³ um trabalho pra eu poder comprar um
RT @assiasg_: le fc snap/insta ils veulent pas comprendre quâ€™ils deviendront jamais Ã©gÃ©rie nike
ã“ã£ã¡ã‚µãƒãƒ¼ãƒˆ2äººåŸ‹ã¾ã£ã¦ã‚‹ã‹ã‚‰æµ·é®®ã¨ã¯å¸¸ã«æ•µã 
RT @pullupnghost: NinguÃ©m me quer oferecer umas sweats da Nike?
RT @assiasg_: le fc snap/insta ils veulent pas comprendre quâ€™ils deviendront jamais Ã©gÃ©rie nike
RT @fmrfij: Elle voulait bavarder, jâ€™ai mis mes Converse.
Elle voulait que je fasse un rÃ©gime, jâ€™ai mis mes New Balance.
Elle voulait un châ€¦
RT @assiasg_: le fc snap/insta ils veulent pas comprendre quâ€™ils deviendront jamais Ã©gÃ©rie nike
RT @204Fashion: Nike | 204Fashion https://t.co/cugQQHKY18
@Baller_DER @delldroid @playazball Yeah, Snopes says the burned feet were a "hoax" but they're not sure about the rest.

https://t.co/oLTHGvI2Xs
RT @assiasg_: le fc snap/insta ils veulent pas comprendre quâ€™ils deviendront jamais Ã©gÃ©rie nike
RT @204Fashion: Nike | 204Fashion https://t.co/cugQQHKY18
@MMartinSO4 Check out the Kyrie 5 Spongebob (PS) available on @StockX https://t.co/jsiaGIPzVc
RT @SneakerNews: A Ma Maniere officially reveals upcoming Nike Air Force 1 collaboration
https://t.co/IfVXPrTSVH https://t.co/8kv54V5ElE
RT @BreadSupply: The drop we have all been waiting for! US verified Nike accounts restock at 3pm EST today.
$1.05 each, no need to put in dâ€¦
@alfredo_reyes11 easy baby.. pero hay que ver, el pelirojo ese cogio el nike challenge ese y el jordan bien easy
Ad: UNDER RETAIL ğŸ‘€

Nike Air VaporMax 2019 'Floral Black University Gold'
$104.99 shipped!
Use Code NOVEM19

-&gt; https://t.co/jKvKS9ebaN https://t.co/3t7BCHwm2x
RT @assiasg_: le fc snap/insta ils veulent pas comprendre quâ€™ils deviendront jamais Ã©gÃ©rie nike
o nike da maggie me irrita mt 
parece azulejo com rejunte sujo
RT @VERSACEPAPl: frank ocean had two good songs on blonde and that was Nikeâ€™s and Pink + White you guys are fucking dick riders
Meu niver chegando e eu sÃ³ queria um corta da Nike e um tÃªnis 

Ã‰ pedir muito ? Kkkkkk
RT @204Fashion: Nike | 204Fashion https://t.co/cugQQHKY18
@delldroid @MMASammich https://t.co/e5hUqvpLnZ
Top 10 Nike Basketball 'Pre-Heat' Colorways https://t.co/da1DVekc30 https://t.co/I1La3MsGds
RT @204Fashion: Nike | 204Fashion https://t.co/cugQQHKY18
RT @assiasg_: le fc snap/insta ils veulent pas comprendre quâ€™ils deviendront jamais Ã©gÃ©rie nike
RT @KicksDeals: ğŸ‘€ Check the NEW @karabo_poppy x Nike Air Force 1 Low Premium By You custom exclusive to @nikestore for $130 + FREE shippingâ€¦
RT @nicekicks: â€œCactus Jackâ€ Styling Blossoms on Custom Nike Air Max 1s https://t.co/HwVo49oaJS
RT @JVCom: âš”ï¸ CONCOURS POKÃ‰MON ğŸ›¡ï¸

Ã€ l'occasion de la sortie de PokÃ©mon Ã‰pÃ©e et PokÃ©mon Bouclier le 15 novembre, @NintendoFrance offre cettâ€¦
RT @flynn_mcginlay: I'm deadğŸ¤£ nothing wrong with wearing nike or Adidas why do people have to buy fake designer and flex https://t.co/mEHCYâ€¦
RT @204Fashion: Nike | 204Fashion https://t.co/cugQQHKY18
RT @204Fashion: Nike | 204Fashion https://t.co/cugQQHKY18
RT @_Shoeplug: NIKE 270âœ”

24,000 https://t.co/7A7gBTn5iz
@_theeExfactor Itâ€™s def giving a BAG ğŸ’° So ya Mind as well join the rest of the dikes of the dmv ğŸ¤·ğŸ½â€â™€ï¸ (Nike boots sold separately) ğŸ’€
RT @GerrickKennedy: Seeing lots of video of Drake getting booâ€™d at Camp Flog. It sucks because Tyler books this festival himself. The lineuâ€¦
@Miyuu06212142 ãŠç–²ã‚Œæ§˜ã§ã™ğŸ™‡
æ˜æ—¥ã®æœã¾ã§ã¨ã‹æ¬¡ã®æ—¥è¿„ã«ä½œã£ã¦ã£ã¦è¨€ã‚ã‚Œã‚‹ã®ã¯ãƒ•ãƒªãƒ¼ã ã¨ã€ã‚ã‚‹ã‚ã‚‹ã ã‘ã©å¿ƒã®æº–å‚™ãŒå‡ºæ¥ã¦ãªã„ã‹ã‚‰ç„¦ã£ã¡ã‚ƒã†ã—æ­¢ã‚ã¦æ¬²ã—ã„ã‚ˆã­ğŸ˜£ğŸ˜£
RT @204Fashion: Nike | 204Fashion https://t.co/cugQQHKY18
RT @204Fashion: Nike | 204Fashion https://t.co/cugQQHKY18
RT @assiasg_: le fc snap/insta ils veulent pas comprendre quâ€™ils deviendront jamais Ã©gÃ©rie nike
Casado, soltero o cÃ³mo quieras: celebra el 'Singles day' 2019 con unas nuevas zapatillas deportivas rebajadas de Nike https://t.co/KNsiNuDQMD
Mdrr y a des artistes ils ont mÃªme plus le droit de sortir des sons Ã  cause des contrats carrÃ©ment https://t.co/JfAFIYrvCE
RT @204Fashion: Nike | 204Fashion https://t.co/cugQQHKY18
@TheAntiTwitler @Nike Good for you!! And you can keep your trophy!! And your smart mouth!
RT @204Fashion: Nike | 204Fashion https://t.co/cugQQHKY18
RT @21james__: go crazy... ahhhhh go stupid ğŸ¤ª https://t.co/2FQx4JDmyZ
RT @204Fashion: Nike | 204Fashion https://t.co/cugQQHKY18
RT @J23app: Nike Air Foamposite One "Shattered Backboard" official images

November 27th https://t.co/cFPOvsv6Ar
RT @mgrstammers: Could I kindly ask you to RT....Our son Gary is sadly missing again. Heâ€™s wearing a burgundy t-shirt, blue jeans and Nikeâ€¦
RT @godgaxxi: Help me choose!! Which one is the cutest???

A. Adidas Superstar
B. Nike Cortez
C. Nike Airforce 1
D. Adidas Stan Smith

#Hapâ€¦
RT @J23app: Nike Introduces @Shaquemgriffin Flyease Football Cleat

Shaquem, who has only one hand,Â has been anÂ integral part of the procesâ€¦
RT @EasyCopBots: 1 RT Wins 1 Copy of @EasyCopBotsğŸ”‚

Major Nike Update, Now LIVE ğŸ”¥ğŸ”¥ğŸ”¥

Our Users Are Ready to Cop the 
Nike AF1 Low X #Travisâ€¦
RT @Cbozoklar06: Akepe gelmeden Ã¶nce kovayla yoÄŸurt satan bir vatandaÅŸğŸ˜‰

Åimdilerde yoÄŸurdu altÄ±n kaplarÄ±n iÃ§inde alÄ±yoruz,nankÃ¶r olmayÄ±n nâ€¦
Nike been bussing bro ğŸ”¥ğŸ”¥ https://t.co/jH2WYZ2XrL
1b views and still can't profit more than H obi's $5k Nike shoes so where do we go from here? https://t.co/VFnjgEddle
RT @204Fashion: Nike | 204Fashion https://t.co/cugQQHKY18
RT @J23app: Nike Introduces @Shaquemgriffin Flyease Football Cleat

Shaquem, who has only one hand,Â has been anÂ integral part of the procesâ€¦
RT @ComplexSneakers: .@Shaquemgriffin will introduce the Nike FlyEase Football Cleat tonight against the 49ers on Monday Night Football. htâ€¦
RT @204Fashion: Nike | 204Fashion https://t.co/cugQQHKY18
@frankirby @ChelseaFCW @nikefootball @nikelondon @Nike @ChelseaFC sadly can't afford ğŸ˜” but hopefully at next
@32Reactions @Nike ğŸ¤£ğŸ¤£
RT @IPOT1776: For overall use and quality: I like Under Armour, hands down.
For style: Puma.

For price: Adidas.

For the trash: Nike.
Whicâ€¦
We talk a lot about Daaaaaaavid Clifford, but we donâ€™t talk enough about Daaaaaavid Clifford 

https://t.co/FugEkHr3OQ https://t.co/DdWw0SJXdl
Nike Air Force 1 Men Skateboarding Shoes Comfortable Outdoor Sports Sneakers  Non-slip Sports New Arrival Men  #
@trikm0_ @aRa_Naaxo @Raysou_ Non mais j'ai nike ta mÃ¨re sa c formel
@literatopia @Gedankenwaelder @ypical_writer @KatrinIls @nike_leonhard @LaubensteinE @obszelka
Nike sucks. Big time. Was fÃ¼r eine Ã¼ble, menschenverachtende Company
Die LÃ¤uferin Mary Cain wirft dem Oregon-Projekt von Nike vor, sie ausgehungert zu haben. Nun bestÃ¤tigen Zeugen die Schilderungen - der Boden fÃ¼r den Sportartikelhersteller wird brÃ¼chig.
 https://t.co/58O5Cr9ZUH
RT @assiasg_: le fc snap/insta ils veulent pas comprendre quâ€™ils deviendront jamais Ã©gÃ©rie nike
Anw I left the house wrapped up this morning. Now Iâ€™m leaving in a tank top and Nike shorts ğŸ¤¦ğŸ¾â€â™‚ï¸
@Blueraydre https://t.co/HNXcvHVtu2
RT @assiasg_: le fc snap/insta ils veulent pas comprendre quâ€™ils deviendront jamais Ã©gÃ©rie nike
RT @assiasg_: le fc snap/insta ils veulent pas comprendre quâ€™ils deviendront jamais Ã©gÃ©rie nike
RT @Joaoantunes9616: Nike Air brancas bate tanto que nÃ£o dÃ¡ para comprar apenas uma vez https://t.co/EKp9MuM86z
RT @assiasg_: le fc snap/insta ils veulent pas comprendre quâ€™ils deviendront jamais Ã©gÃ©rie nike
@Payna_LFC Think with Nike being on board next year definitely a big name will be coming
RT @204Fashion: Nike | 204Fashion https://t.co/cugQQHKY18
RT @204Fashion: Nike | 204Fashion https://t.co/cugQQHKY18
Nike mata qualquer marca https://t.co/1PwYRTpQs8
RT @seva_bzh: NIKE / Rumeur d'une collaboration avec Dior ğŸ—£ https://t.co/H4MPFdO8Ty
Sourcil Nike https://t.co/ayElC6bv4g
RT @assiasg_: le fc snap/insta ils veulent pas comprendre quâ€™ils deviendront jamais Ã©gÃ©rie nike
@ChrisBHaynes Still canâ€™t stress this enough. Those purple Laker jerseys are Awful @lakers @Nike    PLEASE change them. To back to the original purple jerseys. No more stripes. Stop a this shit. Numbers should be white, not yellow. The yellow on LAKERS and the numbers clash. Itâ€™s not nice.
RT @fodesinho_III: Il a raison. Le tifo Ã©tait aussi sponsorisÃ© par Elior, Poweo, Tati, Nike, Xbox 360 et Tout faire matÃ©riaux comme on le vâ€¦
RT @pullupnghost: NinguÃ©m me quer oferecer umas sweats da Nike?
RT @204Fashion: Nike | 204Fashion https://t.co/cugQQHKY18
RT @kawaRCC: @minghui_xo Nike is named after the Greek goddess so their way of pronouncing it is accurate and ours is wrong too ğŸ˜…
Highest Bid: $88 Nike Air Trainer 1 Chlorophyll (2012) Sz. 8.5 https://t.co/swUCovHBSQ #nike https://t.co/UA9dJwkDPN
Tyler fans thinking Frank was gonna walk out and sing Nikeâ€™s has me crying in the club
RT @fmrfij: Elle voulait bavarder, jâ€™ai mis mes Converse.
Elle voulait que je fasse un rÃ©gime, jâ€™ai mis mes New Balance.
Elle voulait un châ€¦
RT @204Fashion: Nike | 204Fashion https://t.co/cugQQHKY18
RT @pullupnghost: NinguÃ©m me quer oferecer umas sweats da Nike?
